game_id,play_id,nugs_score,opp_score,score_change,points,type,description,n1,n2,n3,n4,n5
"=""0021600010""",0,0,0,NA,NA,start of period,NA,Danilo Gallinari,Nikola Jokic,Jusuf Nurkic,Will Barton,Emmanuel Mudiay
"=""0021600010""",1,0,0,0,0.0,jump ball,Jump Ball Davis vs. Nurkic: Tip to Mudiay,Danilo Gallinari,Nikola Jokic,Jusuf Nurkic,Will Barton,Emmanuel Mudiay
"=""0021600010""",3,0,0,0,0.0,bad pass,"Jokic Bad Pass Turnover (P1.T1), Davis STEAL (1 STL)",Danilo Gallinari,Nikola Jokic,Jusuf Nurkic,Will Barton,Emmanuel Mudiay
"=""0021600010""",4,0,0,0,0.0,bad pass,"Mudiay STEAL (1 STL), S. Hill Bad Pass Turnover (P1.T1)",Danilo Gallinari,Nikola Jokic,Jusuf Nurkic,Will Barton,Emmanuel Mudiay
"=""0021600010""",5,0,0,0,0.0,s.foul,Asik S.FOUL (P1.T1) (D.Richardson),Danilo Gallinari,Nikola Jokic,Jusuf Nurkic,Will Barton,Emmanuel Mudiay
"=""0021600010""",6,0,0,0,0.0,Free Throw 1 of 2,MISS Nurkic Free Throw 1 of 2,Danilo Gallinari,Nikola Jokic,Jusuf Nurkic,Will Barton,Emmanuel Mudiay
"=""0021600010""",7,0,0,0,0.0,team rebound,Nuggets Rebound,Danilo Gallinari,Nikola Jokic,Jusuf Nurkic,Will Barton,Emmanuel Mudiay
"=""0021600010""",8,1,0,1,1.0,Free Throw 2 of 2,Nurkic Free Throw 2 of 2 (1 PTS),Danilo Gallinari,Nikola Jokic,Jusuf Nurkic,Will Barton,Emmanuel Mudiay
"=""0021600010""",10,1,2,-2,0.0,Running Jump Shot,Moore 8' Running Jump Shot (2 PTS) (Davis 1 AST),Danilo Gallinari,Nikola Jokic,Jusuf Nurkic,Will Barton,Emmanuel Mudiay
"=""0021600010""",11,1,2,0,0.0,lost ball,"Mudiay Lost Ball Turnover (P1.T2), Moore STEAL (1 STL)",Danilo Gallinari,Nikola Jokic,Jusuf Nurkic,Will Barton,Emmanuel Mudiay
"=""0021600010""",12,1,2,0,0.0,Jump Shot,MISS Davis 21' Jump Shot,Danilo Gallinari,Nikola Jokic,Jusuf Nurkic,Will Barton,Emmanuel Mudiay
"=""0021600010""",13,1,2,0,0.0,rebound defensive,Gallinari REBOUND (Off:0 Def:1),Danilo Gallinari,Nikola Jokic,Jusuf Nurkic,Will Barton,Emmanuel Mudiay
"=""0021600010""",15,1,2,0,0.0,Hook Shot,MISS Jokic 7' Hook Shot,Danilo Gallinari,Nikola Jokic,Jusuf Nurkic,Will Barton,Emmanuel Mudiay
"=""0021600010""",16,1,2,0,0.0,team rebound,PELICANS Rebound,Danilo Gallinari,Nikola Jokic,Jusuf Nurkic,Will Barton,Emmanuel Mudiay
"=""0021600010""",17,1,2,0,0.0,l.b.foul,Nurkic L.B.FOUL (P1.T1) (B.Barnaky),Danilo Gallinari,Nikola Jokic,Jusuf Nurkic,Will Barton,Emmanuel Mudiay
"=""0021600010""",19,1,2,0,0.0,bad pass,"Gallinari STEAL (1 STL), Moore Bad Pass Turnover (P1.T2)",Danilo Gallinari,Nikola Jokic,Jusuf Nurkic,Will Barton,Emmanuel Mudiay
"=""0021600010""",21,1,2,0,0.0,p.foul,Moore P.FOUL (P1.T2) (D.Richardson),Danilo Gallinari,Nikola Jokic,Jusuf Nurkic,Will Barton,Emmanuel Mudiay
"=""0021600010""",22,1,2,0,0.0,Jump Shot,MISS Gallinari 15' Jump Shot,Danilo Gallinari,Nikola Jokic,Jusuf Nurkic,Will Barton,Emmanuel Mudiay
"=""0021600010""",23,1,2,0,0.0,rebound defensive,Frazier REBOUND (Off:0 Def:1),Danilo Gallinari,Nikola Jokic,Jusuf Nurkic,Will Barton,Emmanuel Mudiay
"=""0021600010""",24,1,2,0,0.0,Jump Shot,MISS Davis 25' 3PT Jump Shot,Danilo Gallinari,Nikola Jokic,Jusuf Nurkic,Will Barton,Emmanuel Mudiay
"=""0021600010""",25,1,2,0,0.0,rebound defensive,Mudiay REBOUND (Off:0 Def:1),Danilo Gallinari,Nikola Jokic,Jusuf Nurkic,Will Barton,Emmanuel Mudiay
"=""0021600010""",26,1,2,0,0.0,bad pass,"Mudiay Bad Pass Turnover (P2.T3), S. Hill STEAL (1 STL)",Danilo Gallinari,Nikola Jokic,Jusuf Nurkic,Will Barton,Emmanuel Mudiay
"=""0021600010""",28,1,4,-2,0.0,Driving Layup,Frazier 2' Driving Layup (2 PTS),Danilo Gallinari,Nikola Jokic,Jusuf Nurkic,Will Barton,Emmanuel Mudiay
"=""0021600010""",29,4,4,3,3.0,Jump Shot,Gallinari 26' 3PT Jump Shot (3 PTS) (Jokic 1 AST),Danilo Gallinari,Nikola Jokic,Jusuf Nurkic,Will Barton,Emmanuel Mudiay
"=""0021600010""",30,4,6,-2,0.0,Dunk,Asik  Dunk (2 PTS) (Moore 1 AST),Danilo Gallinari,Nikola Jokic,Jusuf Nurkic,Will Barton,Emmanuel Mudiay
"=""0021600010""",31,6,6,2,2.0,Layup,Nurkic 2' Layup (3 PTS) (Barton 1 AST),Danilo Gallinari,Nikola Jokic,Jusuf Nurkic,Will Barton,Emmanuel Mudiay
"=""0021600010""",32,6,6,0,0.0,Jump Shot,"Gallinari BLOCK (1 BLK), MISS S. Hill 4' Jump Shot",Danilo Gallinari,Nikola Jokic,Jusuf Nurkic,Will Barton,Emmanuel Mudiay
"=""0021600010""",33,6,6,0,0.0,team rebound,PELICANS Rebound,Danilo Gallinari,Nikola Jokic,Jusuf Nurkic,Will Barton,Emmanuel Mudiay
"=""0021600010""",35,6,6,0,0.0,Layup,MISS Asik 3' Layup,Danilo Gallinari,Nikola Jokic,Jusuf Nurkic,Will Barton,Emmanuel Mudiay
"=""0021600010""",36,6,6,0,0.0,rebound defensive,Jokic REBOUND (Off:0 Def:1),Danilo Gallinari,Nikola Jokic,Jusuf Nurkic,Will Barton,Emmanuel Mudiay
"=""0021600010""",37,6,6,0,0.0,Layup,"MISS Nurkic 2' Layup, Davis BLOCK (1 BLK)",Danilo Gallinari,Nikola Jokic,Jusuf Nurkic,Will Barton,Emmanuel Mudiay
"=""0021600010""",39,6,6,0,0.0,rebound offensive,Nurkic REBOUND (Off:1 Def:0),Danilo Gallinari,Nikola Jokic,Jusuf Nurkic,Will Barton,Emmanuel Mudiay
"=""0021600010""",38,8,6,2,2.0,Layup,Nurkic 2' Layup (5 PTS),Danilo Gallinari,Nikola Jokic,Jusuf Nurkic,Will Barton,Emmanuel Mudiay
"=""0021600010""",40,8,8,-2,0.0,Jump Shot,Davis 11' Jump Shot (2 PTS) (Asik 1 AST),Danilo Gallinari,Nikola Jokic,Jusuf Nurkic,Will Barton,Emmanuel Mudiay
"=""0021600010""",42,10,8,2,2.0,Hook Shot,Jokic 9' Hook Shot (2 PTS),Danilo Gallinari,Nikola Jokic,Jusuf Nurkic,Will Barton,Emmanuel Mudiay
"=""0021600010""",43,10,10,-2,0.0,Jump Shot,Davis 15' Jump Shot (4 PTS) (Frazier 1 AST),Danilo Gallinari,Nikola Jokic,Jusuf Nurkic,Will Barton,Emmanuel Mudiay
"=""0021600010""",44,10,10,0,0.0,Jump Shot,MISS Mudiay 14' Jump Shot,Danilo Gallinari,Nikola Jokic,Jusuf Nurkic,Will Barton,Emmanuel Mudiay
"=""0021600010""",45,10,10,0,0.0,rebound defensive,Asik REBOUND (Off:0 Def:1),Danilo Gallinari,Nikola Jokic,Jusuf Nurkic,Will Barton,Emmanuel Mudiay
"=""0021600010""",47,10,10,0,0.0,Jump Shot,MISS Davis 16' Jump Shot,Danilo Gallinari,Nikola Jokic,Jusuf Nurkic,Will Barton,Emmanuel Mudiay
"=""0021600010""",48,10,10,0,0.0,rebound defensive,Mudiay REBOUND (Off:0 Def:2),Danilo Gallinari,Nikola Jokic,Jusuf Nurkic,Will Barton,Emmanuel Mudiay
"=""0021600010""",50,10,10,0,0.0,s.foul,Davis S.FOUL (P1.T3) (S.Wright),Danilo Gallinari,Nikola Jokic,Jusuf Nurkic,Will Barton,Emmanuel Mudiay
"=""0021600010""",51,11,10,1,1.0,Free Throw 1 of 2,Nurkic Free Throw 1 of 2 (6 PTS),Danilo Gallinari,Nikola Jokic,Jusuf Nurkic,Will Barton,Emmanuel Mudiay
"=""0021600010""",53,12,10,1,1.0,Free Throw 2 of 2,Nurkic Free Throw 2 of 2 (7 PTS),Danilo Gallinari,Nikola Jokic,Jusuf Nurkic,Will Barton,Emmanuel Mudiay
"=""0021600010""",56,12,12,-2,0.0,Jump Shot,Davis 7' Jump Shot (6 PTS) (Moore 2 AST),Danilo Gallinari,Nikola Jokic,Jusuf Nurkic,Will Barton,Emmanuel Mudiay
"=""0021600010""",57,12,12,0,0.0,s.foul,Moore S.FOUL (P2.T4) (D.Richardson),Danilo Gallinari,Nikola Jokic,Jusuf Nurkic,Will Barton,Emmanuel Mudiay
"=""0021600010""",58,13,12,1,1.0,Free Throw 1 of 2,Barton Free Throw 1 of 2 (1 PTS),Danilo Gallinari,Nikola Jokic,Jusuf Nurkic,Will Barton,Emmanuel Mudiay
"=""0021600010""",60,13,12,0,0.0,sub,SUB: Hield FOR Moore,Danilo Gallinari,Nikola Jokic,Jusuf Nurkic,Will Barton,Emmanuel Mudiay
"=""0021600010""",61,14,12,1,1.0,Free Throw 2 of 2,Barton Free Throw 2 of 2 (2 PTS),Danilo Gallinari,Nikola Jokic,Jusuf Nurkic,Will Barton,Emmanuel Mudiay
"=""0021600010""",64,14,14,-2,0.0,Driving Dunk,Davis  Driving Dunk (8 PTS) (Frazier 2 AST),Danilo Gallinari,Nikola Jokic,Jusuf Nurkic,Will Barton,Emmanuel Mudiay
"=""0021600010""",66,17,14,3,3.0,Jump Shot,Jokic 25' 3PT Jump Shot (5 PTS) (Barton 2 AST),Danilo Gallinari,Nikola Jokic,Jusuf Nurkic,Will Barton,Emmanuel Mudiay
"=""0021600010""",67,17,16,-2,0.0,Jump Shot,Davis 20' Jump Shot (10 PTS) (Frazier 3 AST),Danilo Gallinari,Nikola Jokic,Jusuf Nurkic,Will Barton,Emmanuel Mudiay
"=""0021600010""",68,17,16,0,0.0,lost ball,"Mudiay Lost Ball Turnover (P3.T4), Frazier STEAL (1 STL)",Danilo Gallinari,Nikola Jokic,Jusuf Nurkic,Will Barton,Emmanuel Mudiay
"=""0021600010""",69,17,18,-2,0.0,Driving Layup,Frazier 2' Driving Layup (4 PTS),Danilo Gallinari,Nikola Jokic,Jusuf Nurkic,Will Barton,Emmanuel Mudiay
"=""0021600010""",70,17,18,0,0.0,timeout: regular,Nuggets Timeout: Regular (Reg.1 Short 0),Danilo Gallinari,Nikola Jokic,Jusuf Nurkic,Will Barton,Emmanuel Mudiay
"=""0021600010""",233,49,37,0,0.0,sub,SUB: Jokic FOR Faried,Jusuf Nurkic,Danilo Gallinari,Emmanuel Mudiay,Will Barton,Nikola Jokic
"=""0021600010""",234,49,39,-2,0.0,Jump Shot,Davis 17' Jump Shot (22 PTS) (Frazier 5 AST),Jusuf Nurkic,Danilo Gallinari,Emmanuel Mudiay,Will Barton,Nikola Jokic
"=""0021600010""",235,49,39,0,0.0,p.foul,Asik P.FOUL (P2.T3) (B.Barnaky),Jusuf Nurkic,Danilo Gallinari,Emmanuel Mudiay,Will Barton,Nikola Jokic
"=""0021600010""",236,49,39,0,0.0,Layup,MISS Nurkic 2' Layup,Jusuf Nurkic,Danilo Gallinari,Emmanuel Mudiay,Will Barton,Nikola Jokic
"=""0021600010""",237,49,39,0,0.0,rebound defensive,Davis REBOUND (Off:1 Def:4),Jusuf Nurkic,Danilo Gallinari,Emmanuel Mudiay,Will Barton,Nikola Jokic
"=""0021600010""",240,49,39,0,0.0,Layup,MISS Frazier 3' Layup,Jusuf Nurkic,Danilo Gallinari,Emmanuel Mudiay,Will Barton,Nikola Jokic
"=""0021600010""",241,49,39,0,0.0,rebound defensive,Jokic REBOUND (Off:0 Def:3),Jusuf Nurkic,Danilo Gallinari,Emmanuel Mudiay,Will Barton,Nikola Jokic
"=""0021600010""",242,49,39,0,0.0,bad pass,"Jokic Bad Pass Turnover (P3.T10), Davis STEAL (3 STL)",Jusuf Nurkic,Danilo Gallinari,Emmanuel Mudiay,Will Barton,Nikola Jokic
"=""0021600010""",243,49,42,-3,0.0,Jump Shot,Moore 24' 3PT Jump Shot (5 PTS) (Davis 2 AST),Jusuf Nurkic,Danilo Gallinari,Emmanuel Mudiay,Will Barton,Nikola Jokic
"=""0021600010""",245,49,42,0,0.0,Layup,MISS Mudiay 2' Layup,Jusuf Nurkic,Danilo Gallinari,Emmanuel Mudiay,Will Barton,Nikola Jokic
"=""0021600010""",247,49,42,0,0.0,rebound offensive,Nurkic REBOUND (Off:2 Def:2),Jusuf Nurkic,Danilo Gallinari,Emmanuel Mudiay,Will Barton,Nikola Jokic
"=""0021600010""",246,51,42,2,2.0,unknown,Nurkic 3' Tip Layup Shot (15 PTS),Jusuf Nurkic,Danilo Gallinari,Emmanuel Mudiay,Will Barton,Nikola Jokic
"=""0021600010""",248,51,42,0,0.0,Jump Shot,MISS Moore 12' Jump Shot,Jusuf Nurkic,Danilo Gallinari,Emmanuel Mudiay,Will Barton,Nikola Jokic
"=""0021600010""",249,51,42,0,0.0,rebound defensive,Mudiay REBOUND (Off:0 Def:5),Jusuf Nurkic,Danilo Gallinari,Emmanuel Mudiay,Will Barton,Nikola Jokic
"=""0021600010""",250,51,42,0,0.0,unknown,Nurkic Out of Bounds - Bad Pass Turnover Turnover (P1.T11),Jusuf Nurkic,Danilo Gallinari,Emmanuel Mudiay,Will Barton,Nikola Jokic
"=""0021600010""",252,51,42,0,0.0,Jump Shot,MISS Moore 7' Jump Shot,Jusuf Nurkic,Danilo Gallinari,Emmanuel Mudiay,Will Barton,Nikola Jokic
"=""0021600010""",253,51,42,0,0.0,rebound defensive,Jokic REBOUND (Off:0 Def:4),Jusuf Nurkic,Danilo Gallinari,Emmanuel Mudiay,Will Barton,Nikola Jokic
"=""0021600010""",254,51,42,0,0.0,Jump Shot,MISS Mudiay 26' 3PT Jump Shot,Jusuf Nurkic,Danilo Gallinari,Emmanuel Mudiay,Will Barton,Nikola Jokic
"=""0021600010""",255,51,42,0,0.0,rebound defensive,S. Hill REBOUND (Off:0 Def:1),Jusuf Nurkic,Danilo Gallinari,Emmanuel Mudiay,Will Barton,Nikola Jokic
"=""0021600010""",257,51,42,0,0.0,s.foul,Jokic S.FOUL (P2.T3) (B.Barnaky),Jusuf Nurkic,Danilo Gallinari,Emmanuel Mudiay,Will Barton,Nikola Jokic
"=""0021600010""",258,51,43,-1,0.0,Free Throw 1 of 2,Davis Free Throw 1 of 2 (23 PTS),Jusuf Nurkic,Danilo Gallinari,Emmanuel Mudiay,Will Barton,Nikola Jokic
"=""0021600010""",324,60,48,0,0.0,start of period,NA,Danilo Gallinari,Nikola Jokic,Jusuf Nurkic,Will Barton,Emmanuel Mudiay
"=""0021600010""",325,60,48,0,0.0,t.foul def. 3 sec,Nuggets T.Foul (Def. 3 Sec Nurkic ) (S.Wright),Danilo Gallinari,Nikola Jokic,Jusuf Nurkic,Will Barton,Emmanuel Mudiay
"=""0021600010""",326,60,49,-1,0.0,Free Throw Technical,Davis Free Throw Technical (29 PTS),Danilo Gallinari,Nikola Jokic,Jusuf Nurkic,Will Barton,Emmanuel Mudiay
"=""0021600010""",328,60,49,0,0.0,traveling,S. Hill Traveling Turnover (P2.T4),Danilo Gallinari,Nikola Jokic,Jusuf Nurkic,Will Barton,Emmanuel Mudiay
"=""0021600010""",329,60,49,0,0.0,Jump Shot,MISS Barton 11' Jump Shot,Danilo Gallinari,Nikola Jokic,Jusuf Nurkic,Will Barton,Emmanuel Mudiay
"=""0021600010""",330,60,49,0,0.0,rebound defensive,Frazier REBOUND (Off:0 Def:4),Danilo Gallinari,Nikola Jokic,Jusuf Nurkic,Will Barton,Emmanuel Mudiay
"=""0021600010""",331,60,49,0,0.0,Jump Shot,MISS Moore 25' 3PT Jump Shot,Danilo Gallinari,Nikola Jokic,Jusuf Nurkic,Will Barton,Emmanuel Mudiay
"=""0021600010""",332,60,49,0,0.0,rebound defensive,Nurkic REBOUND (Off:2 Def:4),Danilo Gallinari,Nikola Jokic,Jusuf Nurkic,Will Barton,Emmanuel Mudiay
"=""0021600010""",333,60,49,0,0.0,off.foul,Mudiay OFF.Foul (P2) (D.Richardson),Danilo Gallinari,Nikola Jokic,Jusuf Nurkic,Will Barton,Emmanuel Mudiay
"=""0021600010""",334,60,49,0,0.0,foul turnover,Mudiay Foul Turnover (P4.T14),Danilo Gallinari,Nikola Jokic,Jusuf Nurkic,Will Barton,Emmanuel Mudiay
"=""0021600010""",335,60,51,-2,0.0,Layup,S. Hill 1' Layup (2 PTS) (Moore 3 AST),Danilo Gallinari,Nikola Jokic,Jusuf Nurkic,Will Barton,Emmanuel Mudiay
"=""0021600010""",336,60,51,0,0.0,Jump Shot,MISS Mudiay 13' Jump Shot,Danilo Gallinari,Nikola Jokic,Jusuf Nurkic,Will Barton,Emmanuel Mudiay
"=""0021600010""",337,60,51,0,0.0,rebound defensive,Davis REBOUND (Off:1 Def:5),Danilo Gallinari,Nikola Jokic,Jusuf Nurkic,Will Barton,Emmanuel Mudiay
"=""0021600010""",339,60,53,-2,0.0,Hook Shot,Davis 7' Hook Shot (31 PTS) (Frazier 7 AST),Danilo Gallinari,Nikola Jokic,Jusuf Nurkic,Will Barton,Emmanuel Mudiay
"=""0021600010""",340,60,53,0,0.0,timeout: regular,Nuggets Timeout: Regular (Reg.3 Short 0),Danilo Gallinari,Nikola Jokic,Jusuf Nurkic,Will Barton,Emmanuel Mudiay
"=""0021600010""",341,60,53,0,0.0,bad pass,"Jokic Bad Pass Turnover (P4.T15), Frazier STEAL (4 STL)",Danilo Gallinari,Nikola Jokic,Jusuf Nurkic,Will Barton,Emmanuel Mudiay
"=""0021600010""",342,60,53,0,0.0,Jump Shot,MISS S. Hill  3PT Jump Shot,Danilo Gallinari,Nikola Jokic,Jusuf Nurkic,Will Barton,Emmanuel Mudiay
"=""0021600010""",343,60,53,0,0.0,rebound defensive,Nurkic REBOUND (Off:2 Def:5),Danilo Gallinari,Nikola Jokic,Jusuf Nurkic,Will Barton,Emmanuel Mudiay
"=""0021600010""",344,60,53,0,0.0,Hook Shot,MISS Nurkic 5' Hook Shot,Danilo Gallinari,Nikola Jokic,Jusuf Nurkic,Will Barton,Emmanuel Mudiay
"=""0021600010""",345,60,53,0,0.0,rebound defensive,Davis REBOUND (Off:1 Def:6),Danilo Gallinari,Nikola Jokic,Jusuf Nurkic,Will Barton,Emmanuel Mudiay
"=""0021600010""",346,60,53,0,0.0,s.foul,Gallinari S.FOUL (P1.T1) (S.Wright),Danilo Gallinari,Nikola Jokic,Jusuf Nurkic,Will Barton,Emmanuel Mudiay
"=""0021600010""",347,60,54,-1,0.0,Free Throw 1 of 2,Davis Free Throw 1 of 2 (32 PTS),Danilo Gallinari,Nikola Jokic,Jusuf Nurkic,Will Barton,Emmanuel Mudiay
"=""0021600010""",349,60,55,-1,0.0,Free Throw 2 of 2,Davis Free Throw 2 of 2 (33 PTS),Danilo Gallinari,Nikola Jokic,Jusuf Nurkic,Will Barton,Emmanuel Mudiay
"=""0021600010""",352,62,55,2,2.0,Layup,Nurkic 2' Layup (17 PTS) (Mudiay 2 AST),Danilo Gallinari,Nikola Jokic,Jusuf Nurkic,Will Barton,Emmanuel Mudiay
"=""0021600010""",353,62,55,0,0.0,Jump Shot,MISS S. Hill 26' 3PT Jump Shot,Danilo Gallinari,Nikola Jokic,Jusuf Nurkic,Will Barton,Emmanuel Mudiay
"=""0021600010""",354,62,55,0,0.0,rebound defensive,Jokic REBOUND (Off:0 Def:5),Danilo Gallinari,Nikola Jokic,Jusuf Nurkic,Will Barton,Emmanuel Mudiay
"=""0021600010""",355,62,55,0,0.0,Layup,MISS Barton 2' Layup,Danilo Gallinari,Nikola Jokic,Jusuf Nurkic,Will Barton,Emmanuel Mudiay
"=""0021600010""",357,62,55,0,0.0,rebound offensive,Jokic REBOUND (Off:1 Def:5),Danilo Gallinari,Nikola Jokic,Jusuf Nurkic,Will Barton,Emmanuel Mudiay
"=""0021600010""",356,64,55,2,2.0,unknown,Nurkic 2' Tip Layup Shot (19 PTS),Danilo Gallinari,Nikola Jokic,Jusuf Nurkic,Will Barton,Emmanuel Mudiay
"=""0021600010""",358,64,55,0,0.0,p.foul,Jokic P.FOUL (P3.T2) (B.Barnaky),Danilo Gallinari,Nikola Jokic,Jusuf Nurkic,Will Barton,Emmanuel Mudiay
"=""0021600010""",360,64,55,0,0.0,s.foul,Nurkic S.FOUL (P3.T3) (S.Wright),Danilo Gallinari,Nikola Jokic,Jusuf Nurkic,Will Barton,Emmanuel Mudiay
"=""0021600010""",361,64,56,-1,0.0,Free Throw 1 of 2,Davis Free Throw 1 of 2 (34 PTS),Danilo Gallinari,Nikola Jokic,Jusuf Nurkic,Will Barton,Emmanuel Mudiay
"=""0021600010""",363,64,57,-1,0.0,Free Throw 2 of 2,Davis Free Throw 2 of 2 (35 PTS),Danilo Gallinari,Nikola Jokic,Jusuf Nurkic,Will Barton,Emmanuel Mudiay
"=""0021600010""",366,64,57,0,0.0,p.foul,S. Hill P.FOUL (P4.T1) (D.Richardson),Danilo Gallinari,Nikola Jokic,Jusuf Nurkic,Will Barton,Emmanuel Mudiay
"=""0021600010""",367,64,57,0,0.0,sub,SUB: Stephenson FOR S. Hill,Danilo Gallinari,Nikola Jokic,Jusuf Nurkic,Will Barton,Emmanuel Mudiay
"=""0021600010""",369,67,57,3,3.0,Jump Shot,Gallinari 25' 3PT Jump Shot (13 PTS) (Jokic 2 AST),Danilo Gallinari,Nikola Jokic,Jusuf Nurkic,Will Barton,Emmanuel Mudiay
"=""0021600010""",370,67,57,0,0.0,Jump Shot,MISS Frazier 18' Jump Shot,Danilo Gallinari,Nikola Jokic,Jusuf Nurkic,Will Barton,Emmanuel Mudiay
"=""0021600010""",371,67,57,0,0.0,rebound defensive,Nurkic REBOUND (Off:2 Def:6),Danilo Gallinari,Nikola Jokic,Jusuf Nurkic,Will Barton,Emmanuel Mudiay
"=""0021600010""",373,69,57,2,2.0,unknown,Barton 2' Cutting Layup Shot (9 PTS) (Nurkic 3 AST),Danilo Gallinari,Nikola Jokic,Jusuf Nurkic,Will Barton,Emmanuel Mudiay
"=""0021600010""",375,69,57,0,0.0,timeout: regular,PELICANS Timeout: Regular (Full 3 Short 1),Danilo Gallinari,Nikola Jokic,Jusuf Nurkic,Will Barton,Emmanuel Mudiay
"=""0021600010""",376,69,57,0,0.0,uknown,NA,Danilo Gallinari,Nikola Jokic,Jusuf Nurkic,Will Barton,Emmanuel Mudiay
"=""0021600033""",0,0,0,NA,NA,start of period,NA,Danilo Gallinari,Nikola Jokic,Jusuf Nurkic,Will Barton,Emmanuel Mudiay
"=""0021600033""",1,0,0,0,0.0,jump ball,Jump Ball Nurkic vs. Plumlee: Tip to McCollum,Danilo Gallinari,Nikola Jokic,Jusuf Nurkic,Will Barton,Emmanuel Mudiay
"=""0021600033""",2,0,2,-2,0.0,Floating Jump Shot,Plumlee 10' Floating Jump Shot (2 PTS) (Aminu 1 AST),Danilo Gallinari,Nikola Jokic,Jusuf Nurkic,Will Barton,Emmanuel Mudiay
"=""0021600033""",4,0,2,0,0.0,Jump Shot,MISS Jokic 7' Jump Shot,Danilo Gallinari,Nikola Jokic,Jusuf Nurkic,Will Barton,Emmanuel Mudiay
"=""0021600033""",6,0,2,0,0.0,rebound offensive,Nurkic REBOUND (Off:1 Def:0),Danilo Gallinari,Nikola Jokic,Jusuf Nurkic,Will Barton,Emmanuel Mudiay
"=""0021600033""",5,0,2,0,0.0,unknown,MISS Nurkic 1' Tip Layup Shot,Danilo Gallinari,Nikola Jokic,Jusuf Nurkic,Will Barton,Emmanuel Mudiay
"=""0021600033""",8,0,2,0,0.0,rebound offensive,Jokic REBOUND (Off:1 Def:0),Danilo Gallinari,Nikola Jokic,Jusuf Nurkic,Will Barton,Emmanuel Mudiay
"=""0021600033""",7,2,2,2,2.0,Putback Layup,Jokic 2' Putback Layup (2 PTS),Danilo Gallinari,Nikola Jokic,Jusuf Nurkic,Will Barton,Emmanuel Mudiay
"=""0021600033""",9,2,4,-2,0.0,Fadeaway Jumper,Lillard 15' Fadeaway Jumper (2 PTS),Danilo Gallinari,Nikola Jokic,Jusuf Nurkic,Will Barton,Emmanuel Mudiay
"=""0021600033""",10,2,4,0,0.0,Jump Shot,MISS Mudiay 19' Jump Shot,Danilo Gallinari,Nikola Jokic,Jusuf Nurkic,Will Barton,Emmanuel Mudiay
"=""0021600033""",11,2,4,0,0.0,rebound defensive,Lillard REBOUND (Off:0 Def:1),Danilo Gallinari,Nikola Jokic,Jusuf Nurkic,Will Barton,Emmanuel Mudiay
"=""0021600033""",12,2,4,0,0.0,Pullup Jump Shot,MISS Aminu 25' 3PT Pullup Jump Shot,Danilo Gallinari,Nikola Jokic,Jusuf Nurkic,Will Barton,Emmanuel Mudiay
"=""0021600033""",13,2,4,0,0.0,rebound offensive,McCollum REBOUND (Off:1 Def:0),Danilo Gallinari,Nikola Jokic,Jusuf Nurkic,Will Barton,Emmanuel Mudiay
"=""0021600033""",14,2,6,-2,0.0,Floating Jump Shot,McCollum 13' Floating Jump Shot (2 PTS),Danilo Gallinari,Nikola Jokic,Jusuf Nurkic,Will Barton,Emmanuel Mudiay
"=""0021600033""",15,2,6,0,0.0,Jump Shot,MISS Barton 19' Jump Shot,Danilo Gallinari,Nikola Jokic,Jusuf Nurkic,Will Barton,Emmanuel Mudiay
"=""0021600033""",16,2,6,0,0.0,rebound defensive,Aminu REBOUND (Off:0 Def:1),Danilo Gallinari,Nikola Jokic,Jusuf Nurkic,Will Barton,Emmanuel Mudiay
"=""0021600033""",17,2,6,0,0.0,Hook Shot,MISS Lillard 2' Hook Shot,Danilo Gallinari,Nikola Jokic,Jusuf Nurkic,Will Barton,Emmanuel Mudiay
"=""0021600033""",18,2,6,0,0.0,rebound defensive,Mudiay REBOUND (Off:0 Def:1),Danilo Gallinari,Nikola Jokic,Jusuf Nurkic,Will Barton,Emmanuel Mudiay
"=""0021600033""",19,4,6,2,2.0,Driving Layup,Mudiay 2' Driving Layup (2 PTS),Danilo Gallinari,Nikola Jokic,Jusuf Nurkic,Will Barton,Emmanuel Mudiay
"=""0021600033""",20,4,6,0,0.0,Pullup Jump Shot,MISS McCollum 15' Pullup Jump Shot,Danilo Gallinari,Nikola Jokic,Jusuf Nurkic,Will Barton,Emmanuel Mudiay
"=""0021600033""",21,4,6,0,0.0,rebound offensive,McCollum REBOUND (Off:2 Def:0),Danilo Gallinari,Nikola Jokic,Jusuf Nurkic,Will Barton,Emmanuel Mudiay
"=""0021600033""",22,4,6,0,0.0,Jump Shot,MISS Aminu 26' 3PT Jump Shot,Danilo Gallinari,Nikola Jokic,Jusuf Nurkic,Will Barton,Emmanuel Mudiay
"=""0021600033""",23,4,6,0,0.0,rebound defensive,Barton REBOUND (Off:0 Def:1),Danilo Gallinari,Nikola Jokic,Jusuf Nurkic,Will Barton,Emmanuel Mudiay
"=""0021600033""",24,4,6,0,0.0,Jump Shot,MISS Gallinari 25' 3PT Jump Shot,Danilo Gallinari,Nikola Jokic,Jusuf Nurkic,Will Barton,Emmanuel Mudiay
"=""0021600033""",25,4,6,0,0.0,rebound offensive,Nurkic REBOUND (Off:2 Def:0),Danilo Gallinari,Nikola Jokic,Jusuf Nurkic,Will Barton,Emmanuel Mudiay
"=""0021600033""",26,6,6,2,2.0,Turnaround Bank Shot,Nurkic 4' Turnaround Bank Shot (2 PTS),Danilo Gallinari,Nikola Jokic,Jusuf Nurkic,Will Barton,Emmanuel Mudiay
"=""0021600033""",27,6,9,-3,0.0,Jump Shot,Harkless  3PT Jump Shot (3 PTS) (Lillard 1 AST),Danilo Gallinari,Nikola Jokic,Jusuf Nurkic,Will Barton,Emmanuel Mudiay
"=""0021600033""",28,6,9,0,0.0,Jump Shot,MISS Mudiay 12' Jump Shot,Danilo Gallinari,Nikola Jokic,Jusuf Nurkic,Will Barton,Emmanuel Mudiay
"=""0021600033""",29,6,9,0,0.0,rebound defensive,Plumlee REBOUND (Off:0 Def:1),Danilo Gallinari,Nikola Jokic,Jusuf Nurkic,Will Barton,Emmanuel Mudiay
"=""0021600033""",30,6,11,-2,0.0,Driving Reverse Layup,Lillard 3' Driving Reverse Layup (4 PTS),Danilo Gallinari,Nikola Jokic,Jusuf Nurkic,Will Barton,Emmanuel Mudiay
"=""0021600033""",31,6,11,0,0.0,timeout: regular,NUGGETS Timeout: Regular (Full 1 Short 0),Danilo Gallinari,Nikola Jokic,Jusuf Nurkic,Will Barton,Emmanuel Mudiay
"=""0021600033""",35,8,11,2,2.0,Layup,Nurkic 1' Layup (4 PTS),Danilo Gallinari,Nikola Jokic,Jusuf Nurkic,Will Barton,Emmanuel Mudiay
"=""0021600033""",37,8,14,-3,0.0,Jump Shot,Aminu 27' 3PT Jump Shot (3 PTS) (Lillard 2 AST),Danilo Gallinari,Nikola Jokic,Jusuf Nurkic,Will Barton,Emmanuel Mudiay
"=""0021600033""",38,8,14,0,0.0,lost ball,"Lillard STEAL (1 STL), Mudiay Lost Ball Turnover (P1.T1)",Danilo Gallinari,Nikola Jokic,Jusuf Nurkic,Will Barton,Emmanuel Mudiay
"=""0021600033""",40,8,14,0,0.0,Jump Shot,MISS McCollum 14' Jump Shot,Danilo Gallinari,Nikola Jokic,Jusuf Nurkic,Will Barton,Emmanuel Mudiay
"=""0021600033""",41,8,14,0,0.0,rebound offensive,Aminu REBOUND (Off:1 Def:1),Danilo Gallinari,Nikola Jokic,Jusuf Nurkic,Will Barton,Emmanuel Mudiay
"=""0021600033""",228,41,51,0,0.0,sub,SUB: Mudiay FOR Nelson,Nikola Jokic,Danilo Gallinari,Jusuf Nurkic,Will Barton,Emmanuel Mudiay
"=""0021600033""",229,41,51,0,0.0,Jump Shot,MISS Lillard 25' 3PT Jump Shot,Nikola Jokic,Danilo Gallinari,Jusuf Nurkic,Will Barton,Emmanuel Mudiay
"=""0021600033""",230,41,51,0,0.0,rebound defensive,Barton REBOUND (Off:0 Def:2),Nikola Jokic,Danilo Gallinari,Jusuf Nurkic,Will Barton,Emmanuel Mudiay
"=""0021600033""",231,43,51,2,2.0,Floating Jump Shot,Barton 4' Floating Jump Shot (4 PTS),Nikola Jokic,Danilo Gallinari,Jusuf Nurkic,Will Barton,Emmanuel Mudiay
"=""0021600033""",232,43,51,0,0.0,Jump Shot,MISS Leonard 25' 3PT Jump Shot,Nikola Jokic,Danilo Gallinari,Jusuf Nurkic,Will Barton,Emmanuel Mudiay
"=""0021600033""",233,43,51,0,0.0,rebound defensive,Gallinari REBOUND (Off:0 Def:2),Nikola Jokic,Danilo Gallinari,Jusuf Nurkic,Will Barton,Emmanuel Mudiay
"=""0021600033""",234,43,51,0,0.0,offensive charge foul,Barton Offensive Charge Foul (P2.T4) (T.Maddox),Nikola Jokic,Danilo Gallinari,Jusuf Nurkic,Will Barton,Emmanuel Mudiay
"=""0021600033""",235,43,51,0,0.0,foul turnover,Barton Foul Turnover (P1.T7),Nikola Jokic,Danilo Gallinari,Jusuf Nurkic,Will Barton,Emmanuel Mudiay
"=""0021600033""",236,43,51,0,0.0,timeout: official,NA,Nikola Jokic,Danilo Gallinari,Jusuf Nurkic,Will Barton,Emmanuel Mudiay
"=""0021600033""",239,43,51,0,0.0,sub,SUB: Plumlee FOR Vonleh,Nikola Jokic,Danilo Gallinari,Jusuf Nurkic,Will Barton,Emmanuel Mudiay
"=""0021600033""",240,43,54,-3,0.0,Jump Shot,Leonard  3PT Jump Shot (3 PTS) (Lillard 4 AST),Nikola Jokic,Danilo Gallinari,Jusuf Nurkic,Will Barton,Emmanuel Mudiay
"=""0021600033""",241,43,54,0,0.0,Hook Shot,MISS Nurkic 3' Hook Shot,Nikola Jokic,Danilo Gallinari,Jusuf Nurkic,Will Barton,Emmanuel Mudiay
"=""0021600033""",242,43,54,0,0.0,rebound defensive,Crabbe REBOUND (Off:0 Def:3),Nikola Jokic,Danilo Gallinari,Jusuf Nurkic,Will Barton,Emmanuel Mudiay
"=""0021600033""",243,43,54,0,0.0,Driving Layup,MISS Harkless 1' Driving Layup,Nikola Jokic,Danilo Gallinari,Jusuf Nurkic,Will Barton,Emmanuel Mudiay
"=""0021600033""",244,43,54,0,0.0,rebound defensive,Nurkic REBOUND (Off:3 Def:1),Nikola Jokic,Danilo Gallinari,Jusuf Nurkic,Will Barton,Emmanuel Mudiay
"=""0021600033""",245,43,54,0,0.0,s.foul,Harkless S.FOUL (P2.PN) (P.Fraher),Nikola Jokic,Danilo Gallinari,Jusuf Nurkic,Will Barton,Emmanuel Mudiay
"=""0021600033""",246,44,54,1,1.0,Free Throw 1 of 2,Gallinari Free Throw 1 of 2 (9 PTS),Nikola Jokic,Danilo Gallinari,Jusuf Nurkic,Will Barton,Emmanuel Mudiay
"=""0021600033""",248,45,54,1,1.0,Free Throw 2 of 2,Gallinari Free Throw 2 of 2 (10 PTS),Nikola Jokic,Danilo Gallinari,Jusuf Nurkic,Will Barton,Emmanuel Mudiay
"=""0021600033""",250,45,56,-2,0.0,unknown,Lillard  Cutting Dunk Shot (17 PTS) (Plumlee 1 AST),Nikola Jokic,Danilo Gallinari,Jusuf Nurkic,Will Barton,Emmanuel Mudiay
"=""0021600033""",251,45,56,0,0.0,unknown,Gallinari Out of Bounds - Bad Pass Turnover Turnover (P1.T8),Nikola Jokic,Danilo Gallinari,Jusuf Nurkic,Will Barton,Emmanuel Mudiay
"=""0021600033""",311,54,62,0,0.0,start of period,NA,Danilo Gallinari,Nikola Jokic,Jusuf Nurkic,Will Barton,Emmanuel Mudiay
"=""0021600033""",312,54,62,0,0.0,Floating Jump Shot,MISS Barton 12' Floating Jump Shot,Danilo Gallinari,Nikola Jokic,Jusuf Nurkic,Will Barton,Emmanuel Mudiay
"=""0021600033""",313,54,62,0,0.0,rebound defensive,Aminu REBOUND (Off:1 Def:2),Danilo Gallinari,Nikola Jokic,Jusuf Nurkic,Will Barton,Emmanuel Mudiay
"=""0021600033""",314,54,64,-2,0.0,unknown,McCollum 1' Cutting Layup Shot (9 PTS) (Lillard 6 AST),Danilo Gallinari,Nikola Jokic,Jusuf Nurkic,Will Barton,Emmanuel Mudiay
"=""0021600033""",315,56,64,2,2.0,Turnaround Jump Shot,Jokic 6' Turnaround Jump Shot (8 PTS) (Barton 2 AST),Danilo Gallinari,Nikola Jokic,Jusuf Nurkic,Will Barton,Emmanuel Mudiay
"=""0021600033""",316,56,64,0,0.0,Fadeaway Jumper,MISS McCollum 12' Fadeaway Jumper,Danilo Gallinari,Nikola Jokic,Jusuf Nurkic,Will Barton,Emmanuel Mudiay
"=""0021600033""",317,56,64,0,0.0,rebound defensive,Mudiay REBOUND (Off:0 Def:4),Danilo Gallinari,Nikola Jokic,Jusuf Nurkic,Will Barton,Emmanuel Mudiay
"=""0021600033""",318,56,64,0,0.0,Driving Layup,MISS Mudiay 1' Driving Layup,Danilo Gallinari,Nikola Jokic,Jusuf Nurkic,Will Barton,Emmanuel Mudiay
"=""0021600033""",319,56,64,0,0.0,rebound offensive,Jokic REBOUND (Off:3 Def:3),Danilo Gallinari,Nikola Jokic,Jusuf Nurkic,Will Barton,Emmanuel Mudiay
"=""0021600033""",320,59,64,3,3.0,Jump Shot,Mudiay 24' 3PT Jump Shot (6 PTS) (Barton 3 AST),Danilo Gallinari,Nikola Jokic,Jusuf Nurkic,Will Barton,Emmanuel Mudiay
"=""0021600033""",321,59,66,-2,0.0,Jump Shot,Plumlee 19' Jump Shot (8 PTS),Danilo Gallinari,Nikola Jokic,Jusuf Nurkic,Will Barton,Emmanuel Mudiay
"=""0021600033""",322,59,66,0,0.0,p.foul,Lillard P.FOUL (P1.T1) (B.Adams),Danilo Gallinari,Nikola Jokic,Jusuf Nurkic,Will Barton,Emmanuel Mudiay
"=""0021600033""",323,59,66,0,0.0,Jump Shot,MISS Mudiay 25' 3PT Jump Shot,Danilo Gallinari,Nikola Jokic,Jusuf Nurkic,Will Barton,Emmanuel Mudiay
"=""0021600033""",324,59,66,0,0.0,rebound defensive,Aminu REBOUND (Off:1 Def:3),Danilo Gallinari,Nikola Jokic,Jusuf Nurkic,Will Barton,Emmanuel Mudiay
"=""0021600033""",325,59,68,-2,0.0,Driving Finger Roll Layup,Lillard 1' Driving Finger Roll Layup (23 PTS),Danilo Gallinari,Nikola Jokic,Jusuf Nurkic,Will Barton,Emmanuel Mudiay
"=""0021600033""",326,59,68,0,0.0,offensive charge foul,Nurkic Offensive Charge Foul (P2.T1) (P.Fraher),Danilo Gallinari,Nikola Jokic,Jusuf Nurkic,Will Barton,Emmanuel Mudiay
"=""0021600033""",327,59,68,0,0.0,foul turnover,Nurkic Foul Turnover (P2.T10),Danilo Gallinari,Nikola Jokic,Jusuf Nurkic,Will Barton,Emmanuel Mudiay
"=""0021600033""",328,59,70,-2,0.0,unknown,Lillard 2' Cutting Layup Shot (25 PTS) (Plumlee 3 AST),Danilo Gallinari,Nikola Jokic,Jusuf Nurkic,Will Barton,Emmanuel Mudiay
"=""0021600033""",329,59,70,0,0.0,timeout: regular,NUGGETS Timeout: Regular (Full 3 Short 1),Danilo Gallinari,Nikola Jokic,Jusuf Nurkic,Will Barton,Emmanuel Mudiay
"=""0021600033""",333,59,70,0,0.0,t.foul def. 3 sec,Trail Blazers T.Foul (Def. 3 Sec Plumlee ) (P.Fraher),Danilo Gallinari,Nikola Jokic,Jusuf Nurkic,Will Barton,Emmanuel Mudiay
"=""0021600033""",334,60,70,1,1.0,Free Throw Technical,Gallinari Free Throw Technical (11 PTS),Danilo Gallinari,Nikola Jokic,Jusuf Nurkic,Will Barton,Emmanuel Mudiay
"=""0021600033""",336,60,70,0,0.0,s.foul,Plumlee S.FOUL (P2.T2) (B.Adams),Danilo Gallinari,Nikola Jokic,Jusuf Nurkic,Will Barton,Emmanuel Mudiay
"=""0021600033""",337,61,70,1,1.0,Free Throw 1 of 2,Nurkic Free Throw 1 of 2 (11 PTS),Danilo Gallinari,Nikola Jokic,Jusuf Nurkic,Will Barton,Emmanuel Mudiay
"=""0021600033""",339,61,70,0,0.0,Free Throw 2 of 2,MISS Nurkic Free Throw 2 of 2,Danilo Gallinari,Nikola Jokic,Jusuf Nurkic,Will Barton,Emmanuel Mudiay
"=""0021600033""",341,61,70,0,0.0,rebound offensive,Gallinari REBOUND (Off:1 Def:2),Danilo Gallinari,Nikola Jokic,Jusuf Nurkic,Will Barton,Emmanuel Mudiay
"=""0021600033""",342,61,70,0,0.0,s.foul,Harkless S.FOUL (P4.T3) (P.Fraher),Danilo Gallinari,Nikola Jokic,Jusuf Nurkic,Will Barton,Emmanuel Mudiay
"=""0021600033""",343,62,70,1,1.0,Free Throw 1 of 2,Gallinari Free Throw 1 of 2 (12 PTS),Danilo Gallinari,Nikola Jokic,Jusuf Nurkic,Will Barton,Emmanuel Mudiay
"=""0021600033""",345,63,70,1,1.0,Free Throw 2 of 2,Gallinari Free Throw 2 of 2 (13 PTS),Danilo Gallinari,Nikola Jokic,Jusuf Nurkic,Will Barton,Emmanuel Mudiay
"=""0021600033""",347,63,70,0,0.0,Jump Shot,MISS McCollum 19' Jump Shot,Danilo Gallinari,Nikola Jokic,Jusuf Nurkic,Will Barton,Emmanuel Mudiay
"=""0021600033""",348,63,70,0,0.0,rebound defensive,Gallinari REBOUND (Off:1 Def:3),Danilo Gallinari,Nikola Jokic,Jusuf Nurkic,Will Barton,Emmanuel Mudiay
"=""0021600033""",349,63,70,0,0.0,bad pass,"Aminu STEAL (1 STL), Gallinari Bad Pass Turnover (P2.T11)",Danilo Gallinari,Nikola Jokic,Jusuf Nurkic,Will Barton,Emmanuel Mudiay
"=""0021600033""",350,63,70,0,0.0,Jump Shot,MISS Lillard 26' 3PT Jump Shot,Danilo Gallinari,Nikola Jokic,Jusuf Nurkic,Will Barton,Emmanuel Mudiay
"=""0021600033""",351,63,70,0,0.0,rebound defensive,Gallinari REBOUND (Off:1 Def:4),Danilo Gallinari,Nikola Jokic,Jusuf Nurkic,Will Barton,Emmanuel Mudiay
"=""0021600033""",352,63,70,0,0.0,Jump Shot,MISS Jokic 16' Jump Shot,Danilo Gallinari,Nikola Jokic,Jusuf Nurkic,Will Barton,Emmanuel Mudiay
"=""0021600033""",353,63,70,0,0.0,rebound defensive,McCollum REBOUND (Off:2 Def:1),Danilo Gallinari,Nikola Jokic,Jusuf Nurkic,Will Barton,Emmanuel Mudiay
"=""0021600033""",354,63,70,0,0.0,violation:kicked ball,Nurkic Violation:Kicked Ball (B.Adams),Danilo Gallinari,Nikola Jokic,Jusuf Nurkic,Will Barton,Emmanuel Mudiay
"=""0021600033""",355,63,70,0,0.0,sub,SUB: Turner FOR Harkless,Danilo Gallinari,Nikola Jokic,Jusuf Nurkic,Will Barton,Emmanuel Mudiay
"=""0021600033""",356,63,70,0,0.0,Layup,MISS Plumlee 1' Layup,Danilo Gallinari,Nikola Jokic,Jusuf Nurkic,Will Barton,Emmanuel Mudiay
"=""0021600033""",357,63,70,0,0.0,rebound defensive,Mudiay REBOUND (Off:0 Def:5),Danilo Gallinari,Nikola Jokic,Jusuf Nurkic,Will Barton,Emmanuel Mudiay
"=""0021600033""",358,65,70,2,2.0,Driving Layup,Mudiay 2' Driving Layup (8 PTS),Danilo Gallinari,Nikola Jokic,Jusuf Nurkic,Will Barton,Emmanuel Mudiay
"=""0021600033""",359,65,70,0,0.0,bad pass,"Turner Bad Pass Turnover (P1.T3), Mudiay STEAL (2 STL)",Danilo Gallinari,Nikola Jokic,Jusuf Nurkic,Will Barton,Emmanuel Mudiay
"=""0021600033""",361,67,70,2,2.0,unknown,Jokic 3' Cutting Layup Shot (10 PTS) (Gallinari 1 AST),Danilo Gallinari,Nikola Jokic,Jusuf Nurkic,Will Barton,Emmanuel Mudiay
"=""0021600033""",362,67,70,0,0.0,timeout: regular,Trail Blazers Timeout: Regular (Reg.3 Short 1),Danilo Gallinari,Nikola Jokic,Jusuf Nurkic,Will Barton,Emmanuel Mudiay
"=""0021600033""",366,67,70,0,0.0,bad pass,"McCollum Bad Pass Turnover (P1.T4), Jokic STEAL (1 STL)",Danilo Gallinari,Nikola Jokic,Jusuf Nurkic,Will Barton,Emmanuel Mudiay
"=""0021600033""",368,67,70,0,0.0,violation:defensive goaltending,Plumlee Violation:Defensive Goaltending (B.Adams),Danilo Gallinari,Nikola Jokic,Jusuf Nurkic,Will Barton,Emmanuel Mudiay
"=""0021600033""",367,69,70,2,2.0,Layup,Barton 3' Layup (10 PTS) (Jokic 1 AST),Danilo Gallinari,Nikola Jokic,Jusuf Nurkic,Will Barton,Emmanuel Mudiay
"=""0021600033""",369,69,70,0,0.0,bad pass,"Lillard Bad Pass Turnover (P1.T5), Jokic STEAL (2 STL)",Danilo Gallinari,Nikola Jokic,Jusuf Nurkic,Will Barton,Emmanuel Mudiay
"=""0021600033""",370,69,70,0,0.0,Jump Shot,MISS Mudiay 17' Jump Shot,Danilo Gallinari,Nikola Jokic,Jusuf Nurkic,Will Barton,Emmanuel Mudiay
"=""0021600033""",372,69,70,0,0.0,rebound offensive,Jokic REBOUND (Off:4 Def:3),Danilo Gallinari,Nikola Jokic,Jusuf Nurkic,Will Barton,Emmanuel Mudiay
"=""0021600033""",371,71,70,2,2.0,unknown,Jokic 1' Tip Layup Shot (12 PTS),Danilo Gallinari,Nikola Jokic,Jusuf Nurkic,Will Barton,Emmanuel Mudiay
"=""0021600033""",373,71,70,0,0.0,Jump Shot,MISS Lillard 26' 3PT Jump Shot,Danilo Gallinari,Nikola Jokic,Jusuf Nurkic,Will Barton,Emmanuel Mudiay
"=""0021600033""",374,71,70,0,0.0,rebound defensive,Barton REBOUND (Off:0 Def:3),Danilo Gallinari,Nikola Jokic,Jusuf Nurkic,Will Barton,Emmanuel Mudiay
"=""0021600033""",375,71,70,0,0.0,s.foul,Aminu S.FOUL (P4.T4) (T.Maddox),Danilo Gallinari,Nikola Jokic,Jusuf Nurkic,Will Barton,Emmanuel Mudiay
"=""0021600033""",376,72,70,1,1.0,Free Throw 1 of 2,Barton Free Throw 1 of 2 (11 PTS),Danilo Gallinari,Nikola Jokic,Jusuf Nurkic,Will Barton,Emmanuel Mudiay
"=""0021600033""",378,73,70,1,1.0,Free Throw 2 of 2,Barton Free Throw 2 of 2 (12 PTS),Danilo Gallinari,Nikola Jokic,Jusuf Nurkic,Will Barton,Emmanuel Mudiay
"=""0021600033""",380,73,70,0,0.0,Jump Shot,MISS Aminu  3PT Jump Shot,Danilo Gallinari,Nikola Jokic,Jusuf Nurkic,Will Barton,Emmanuel Mudiay
"=""0021600033""",381,73,70,0,0.0,rebound offensive,McCollum REBOUND (Off:3 Def:1),Danilo Gallinari,Nikola Jokic,Jusuf Nurkic,Will Barton,Emmanuel Mudiay
"=""0021600033""",382,73,70,0,0.0,s.foul,Jokic S.FOUL (P2.T2) (T.Maddox),Danilo Gallinari,Nikola Jokic,Jusuf Nurkic,Will Barton,Emmanuel Mudiay
"=""0021600033""",383,73,70,0,0.0,Free Throw 1 of 2,MISS Plumlee Free Throw 1 of 2,Danilo Gallinari,Nikola Jokic,Jusuf Nurkic,Will Barton,Emmanuel Mudiay
"=""0021600033""",384,73,70,0,0.0,team rebound,Trail Blazers Rebound,Danilo Gallinari,Nikola Jokic,Jusuf Nurkic,Will Barton,Emmanuel Mudiay
"=""0021600033""",385,73,70,0,0.0,Free Throw 2 of 2,MISS Plumlee Free Throw 2 of 2,Danilo Gallinari,Nikola Jokic,Jusuf Nurkic,Will Barton,Emmanuel Mudiay
"=""0021600033""",387,73,70,0,0.0,rebound defensive,Nurkic REBOUND (Off:4 Def:5),Danilo Gallinari,Nikola Jokic,Jusuf Nurkic,Will Barton,Emmanuel Mudiay
"=""0021600033""",388,73,70,0,0.0,Jump Shot,MISS Gallinari 24' 3PT Jump Shot,Danilo Gallinari,Nikola Jokic,Jusuf Nurkic,Will Barton,Emmanuel Mudiay
"=""0021600033""",389,73,70,0,0.0,team rebound,NUGGETS Rebound,Danilo Gallinari,Nikola Jokic,Jusuf Nurkic,Will Barton,Emmanuel Mudiay
"=""0021600033""",390,73,70,0,0.0,l.b.foul,Plumlee L.B.FOUL (P3.PN) (B.Adams),Danilo Gallinari,Nikola Jokic,Jusuf Nurkic,Will Barton,Emmanuel Mudiay
"=""0021600033""",391,74,70,1,1.0,Free Throw 1 of 2,Nurkic Free Throw 1 of 2 (12 PTS),Danilo Gallinari,Nikola Jokic,Jusuf Nurkic,Will Barton,Emmanuel Mudiay
"=""0021600033""",393,74,70,0,0.0,sub,SUB: Crabbe FOR McCollum,Danilo Gallinari,Nikola Jokic,Jusuf Nurkic,Will Barton,Emmanuel Mudiay
"=""0021600033""",394,74,70,0,0.0,Free Throw 2 of 2,MISS Nurkic Free Throw 2 of 2,Danilo Gallinari,Nikola Jokic,Jusuf Nurkic,Will Barton,Emmanuel Mudiay
"=""0021600033""",396,74,70,0,0.0,rebound defensive,Aminu REBOUND (Off:1 Def:4),Danilo Gallinari,Nikola Jokic,Jusuf Nurkic,Will Barton,Emmanuel Mudiay
"=""0021600033""",397,74,70,0,0.0,Jump Shot,"MISS Turner 6' Jump Shot, Jokic BLOCK (1 BLK)",Danilo Gallinari,Nikola Jokic,Jusuf Nurkic,Will Barton,Emmanuel Mudiay
"=""0021600033""",398,74,70,0,0.0,rebound defensive,Jokic REBOUND (Off:4 Def:4),Danilo Gallinari,Nikola Jokic,Jusuf Nurkic,Will Barton,Emmanuel Mudiay
"=""0021600033""",399,74,70,0,0.0,Layup,MISS Nurkic 2' Layup,Danilo Gallinari,Nikola Jokic,Jusuf Nurkic,Will Barton,Emmanuel Mudiay
"=""0021600033""",400,74,70,0,0.0,team rebound,Trail Blazers Rebound,Danilo Gallinari,Nikola Jokic,Jusuf Nurkic,Will Barton,Emmanuel Mudiay
"=""0021600033""",402,74,70,0,0.0,sub,SUB: Leonard FOR Plumlee,Danilo Gallinari,Nikola Jokic,Jusuf Nurkic,Will Barton,Emmanuel Mudiay
"=""0021600033""",403,74,70,0,0.0,sub,SUB: Davis FOR Aminu,Danilo Gallinari,Nikola Jokic,Jusuf Nurkic,Will Barton,Emmanuel Mudiay
"=""0021600033""",404,74,70,0,0.0,p.foul,Jokic P.FOUL (P3.T3) (T.Maddox),Danilo Gallinari,Nikola Jokic,Jusuf Nurkic,Will Barton,Emmanuel Mudiay
"=""0021600042""",0,0,0,NA,NA,start of period,NA,Danilo Gallinari,Nikola Jokic,Jusuf Nurkic,Will Barton,Emmanuel Mudiay
"=""0021600042""",1,0,0,0,0.0,jump ball,Jump Ball Valanciunas vs. Nurkic: Tip to,Danilo Gallinari,Nikola Jokic,Jusuf Nurkic,Will Barton,Emmanuel Mudiay
"=""0021600042""",3,0,0,0,0.0,Jump Shot,MISS Valanciunas 15' Jump Shot,Danilo Gallinari,Nikola Jokic,Jusuf Nurkic,Will Barton,Emmanuel Mudiay
"=""0021600042""",4,0,0,0,0.0,rebound defensive,Mudiay REBOUND (Off:0 Def:1),Danilo Gallinari,Nikola Jokic,Jusuf Nurkic,Will Barton,Emmanuel Mudiay
"=""0021600042""",5,0,0,0,0.0,p.foul,Lowry P.FOUL (P1.T1) (G.Zielinski),Danilo Gallinari,Nikola Jokic,Jusuf Nurkic,Will Barton,Emmanuel Mudiay
"=""0021600042""",6,0,0,0,0.0,Pullup Jump Shot,MISS Mudiay 20' Pullup Jump Shot,Danilo Gallinari,Nikola Jokic,Jusuf Nurkic,Will Barton,Emmanuel Mudiay
"=""0021600042""",7,0,0,0,0.0,rebound defensive,DeRozan REBOUND (Off:0 Def:1),Danilo Gallinari,Nikola Jokic,Jusuf Nurkic,Will Barton,Emmanuel Mudiay
"=""0021600042""",8,0,2,-2,0.0,Alley Oop Dunk,Valanciunas  Alley Oop Dunk (2 PTS) (Lowry 1 AST),Danilo Gallinari,Nikola Jokic,Jusuf Nurkic,Will Barton,Emmanuel Mudiay
"=""0021600042""",9,0,2,0,0.0,p.foul,Valanciunas P.FOUL (P1.T2) (M.McCutchen),Danilo Gallinari,Nikola Jokic,Jusuf Nurkic,Will Barton,Emmanuel Mudiay
"=""0021600042""",10,0,2,0,0.0,Hook Bank Shot,MISS Nurkic 3' Hook Bank Shot,Danilo Gallinari,Nikola Jokic,Jusuf Nurkic,Will Barton,Emmanuel Mudiay
"=""0021600042""",11,0,2,0,0.0,rebound defensive,Siakam REBOUND (Off:0 Def:1),Danilo Gallinari,Nikola Jokic,Jusuf Nurkic,Will Barton,Emmanuel Mudiay
"=""0021600042""",12,0,4,-2,0.0,Jump Shot,Valanciunas 21' Jump Shot (4 PTS) (Lowry 2 AST),Danilo Gallinari,Nikola Jokic,Jusuf Nurkic,Will Barton,Emmanuel Mudiay
"=""0021600042""",13,2,4,2,2.0,Driving Hook Shot,Jokic 4' Driving Hook Shot (2 PTS) (Gallinari 1 AST),Danilo Gallinari,Nikola Jokic,Jusuf Nurkic,Will Barton,Emmanuel Mudiay
"=""0021600042""",14,2,4,0,0.0,unknown,"Nurkic BLOCK (1 BLK), MISS Siakam 5' Driving Floating Jump Shot",Danilo Gallinari,Nikola Jokic,Jusuf Nurkic,Will Barton,Emmanuel Mudiay
"=""0021600042""",15,2,4,0,0.0,rebound defensive,Jokic REBOUND (Off:0 Def:1),Danilo Gallinari,Nikola Jokic,Jusuf Nurkic,Will Barton,Emmanuel Mudiay
"=""0021600042""",16,5,4,3,3.0,Running Jump Shot,Mudiay 26' 3PT Running Jump Shot (3 PTS) (Barton 1 AST),Danilo Gallinari,Nikola Jokic,Jusuf Nurkic,Will Barton,Emmanuel Mudiay
"=""0021600042""",17,5,6,-2,0.0,Pullup Jump Shot,DeRozan 11' Pullup Jump Shot (2 PTS) (Lowry 3 AST),Danilo Gallinari,Nikola Jokic,Jusuf Nurkic,Will Barton,Emmanuel Mudiay
"=""0021600042""",18,7,6,2,2.0,Layup,Jokic 2' Layup (4 PTS) (Nurkic 1 AST),Danilo Gallinari,Nikola Jokic,Jusuf Nurkic,Will Barton,Emmanuel Mudiay
"=""0021600042""",19,7,6,0,0.0,t.foul def. 3 sec,Nuggets T.Foul (Def. 3 Sec Jokic ) (G.Zielinski),Danilo Gallinari,Nikola Jokic,Jusuf Nurkic,Will Barton,Emmanuel Mudiay
"=""0021600042""",20,7,7,-1,0.0,Free Throw Technical,DeRozan Free Throw Technical (3 PTS),Danilo Gallinari,Nikola Jokic,Jusuf Nurkic,Will Barton,Emmanuel Mudiay
"=""0021600042""",22,7,7,0,0.0,t.foul def. 3 sec,Nuggets T.Foul (Def. 3 Sec Nurkic ) (G.Zielinski),Danilo Gallinari,Nikola Jokic,Jusuf Nurkic,Will Barton,Emmanuel Mudiay
"=""0021600042""",23,7,8,-1,0.0,Free Throw Technical,DeRozan Free Throw Technical (4 PTS),Danilo Gallinari,Nikola Jokic,Jusuf Nurkic,Will Barton,Emmanuel Mudiay
"=""0021600042""",25,7,8,0,0.0,Pullup Jump Shot,"Barton BLOCK (1 BLK), MISS DeRozan 13' Pullup Jump Shot",Danilo Gallinari,Nikola Jokic,Jusuf Nurkic,Will Barton,Emmanuel Mudiay
"=""0021600042""",26,7,8,0,0.0,rebound defensive,Mudiay REBOUND (Off:0 Def:2),Danilo Gallinari,Nikola Jokic,Jusuf Nurkic,Will Barton,Emmanuel Mudiay
"=""0021600042""",27,9,8,2,2.0,Running Layup,Barton 2' Running Layup (2 PTS) (Mudiay 1 AST),Danilo Gallinari,Nikola Jokic,Jusuf Nurkic,Will Barton,Emmanuel Mudiay
"=""0021600042""",28,9,8,0,0.0,Layup,"Nurkic BLOCK (2 BLK), MISS Valanciunas 3' Layup",Danilo Gallinari,Nikola Jokic,Jusuf Nurkic,Will Barton,Emmanuel Mudiay
"=""0021600042""",29,9,8,0,0.0,rebound defensive,Nurkic REBOUND (Off:0 Def:1),Danilo Gallinari,Nikola Jokic,Jusuf Nurkic,Will Barton,Emmanuel Mudiay
"=""0021600042""",30,9,8,0,0.0,s.foul,Siakam S.FOUL (P1.T3) (A.Smith),Danilo Gallinari,Nikola Jokic,Jusuf Nurkic,Will Barton,Emmanuel Mudiay
"=""0021600042""",31,10,8,1,1.0,Free Throw 1 of 2,Nurkic Free Throw 1 of 2 (1 PTS),Danilo Gallinari,Nikola Jokic,Jusuf Nurkic,Will Barton,Emmanuel Mudiay
"=""0021600042""",33,10,8,0,0.0,Free Throw 2 of 2,MISS Nurkic Free Throw 2 of 2,Danilo Gallinari,Nikola Jokic,Jusuf Nurkic,Will Barton,Emmanuel Mudiay
"=""0021600042""",35,10,8,0,0.0,rebound defensive,Carroll REBOUND (Off:0 Def:1),Danilo Gallinari,Nikola Jokic,Jusuf Nurkic,Will Barton,Emmanuel Mudiay
"=""0021600042""",36,10,10,-2,0.0,unknown,Carroll 5' Driving Floating Bank Jump Shot (2 PTS) (Valanciunas 1 AST),Danilo Gallinari,Nikola Jokic,Jusuf Nurkic,Will Barton,Emmanuel Mudiay
"=""0021600042""",37,10,10,0,0.0,Jump Shot,MISS Nurkic 21' Jump Shot,Danilo Gallinari,Nikola Jokic,Jusuf Nurkic,Will Barton,Emmanuel Mudiay
"=""0021600042""",38,10,10,0,0.0,rebound defensive,Siakam REBOUND (Off:0 Def:2),Danilo Gallinari,Nikola Jokic,Jusuf Nurkic,Will Barton,Emmanuel Mudiay
"=""0021600042""",39,10,12,-2,0.0,Hook Shot,Siakam 4' Hook Shot (2 PTS) (Lowry 4 AST),Danilo Gallinari,Nikola Jokic,Jusuf Nurkic,Will Barton,Emmanuel Mudiay
"=""0021600042""",40,10,12,0,0.0,p.foul,Carroll P.FOUL (P1.T4) (A.Smith),Danilo Gallinari,Nikola Jokic,Jusuf Nurkic,Will Barton,Emmanuel Mudiay
"=""0021600042""",41,10,12,0,0.0,lost ball,"Mudiay Lost Ball Turnover (P1.T1), Lowry STEAL (1 STL)",Danilo Gallinari,Nikola Jokic,Jusuf Nurkic,Will Barton,Emmanuel Mudiay
"=""0021600042""",42,10,14,-2,0.0,Running Layup,Lowry 1' Running Layup (2 PTS),Danilo Gallinari,Nikola Jokic,Jusuf Nurkic,Will Barton,Emmanuel Mudiay
"=""0021600042""",43,13,14,3,3.0,Pullup Jump Shot,Barton 24' 3PT Pullup Jump Shot (5 PTS),Danilo Gallinari,Nikola Jokic,Jusuf Nurkic,Will Barton,Emmanuel Mudiay
"=""0021600042""",44,13,16,-2,0.0,Driving Layup,Valanciunas 2' Driving Layup (6 PTS),Danilo Gallinari,Nikola Jokic,Jusuf Nurkic,Will Barton,Emmanuel Mudiay
"=""0021600042""",45,13,16,0,0.0,Driving Reverse Layup,MISS Barton 1' Driving Reverse Layup,Danilo Gallinari,Nikola Jokic,Jusuf Nurkic,Will Barton,Emmanuel Mudiay
"=""0021600042""",46,13,16,0,0.0,rebound offensive,Jokic REBOUND (Off:1 Def:1),Danilo Gallinari,Nikola Jokic,Jusuf Nurkic,Will Barton,Emmanuel Mudiay
"=""0021600042""",47,15,16,2,2.0,unknown,Jokic 2' Tip Layup Shot (6 PTS),Danilo Gallinari,Nikola Jokic,Jusuf Nurkic,Will Barton,Emmanuel Mudiay
"=""0021600042""",48,15,18,-2,0.0,unknown,DeRozan 4' Driving Floating Jump Shot (6 PTS),Danilo Gallinari,Nikola Jokic,Jusuf Nurkic,Will Barton,Emmanuel Mudiay
"=""0021600042""",49,15,18,0,0.0,timeout: regular,Nuggets Timeout: Regular (Reg.1 Short 0),Danilo Gallinari,Nikola Jokic,Jusuf Nurkic,Will Barton,Emmanuel Mudiay
"=""0021600042""",53,15,18,0,0.0,unknown,MISS Barton 5' Driving Floating Jump Shot,Danilo Gallinari,Nikola Jokic,Jusuf Nurkic,Will Barton,Emmanuel Mudiay
"=""0021600042""",54,15,18,0,0.0,rebound defensive,DeRozan REBOUND (Off:0 Def:2),Danilo Gallinari,Nikola Jokic,Jusuf Nurkic,Will Barton,Emmanuel Mudiay
"=""0021600042""",55,15,18,0,0.0,Fadeaway Jumper,MISS Valanciunas 13' Fadeaway Jumper,Danilo Gallinari,Nikola Jokic,Jusuf Nurkic,Will Barton,Emmanuel Mudiay
"=""0021600042""",56,15,18,0,0.0,rebound defensive,Nurkic REBOUND (Off:0 Def:2),Danilo Gallinari,Nikola Jokic,Jusuf Nurkic,Will Barton,Emmanuel Mudiay
"=""0021600042""",57,17,18,2,2.0,unknown,Mudiay 17' Running Pull-Up Jump Shot (5 PTS),Danilo Gallinari,Nikola Jokic,Jusuf Nurkic,Will Barton,Emmanuel Mudiay
"=""0021600042""",58,17,20,-2,0.0,Reverse Layup,Carroll 2' Reverse Layup (4 PTS) (Lowry 5 AST),Danilo Gallinari,Nikola Jokic,Jusuf Nurkic,Will Barton,Emmanuel Mudiay
"=""0021600042""",59,17,20,0,0.0,Layup,MISS Jokic 2' Layup,Danilo Gallinari,Nikola Jokic,Jusuf Nurkic,Will Barton,Emmanuel Mudiay
"=""0021600042""",60,17,20,0,0.0,rebound defensive,Siakam REBOUND (Off:0 Def:3),Danilo Gallinari,Nikola Jokic,Jusuf Nurkic,Will Barton,Emmanuel Mudiay
"=""0021600042""",61,17,20,0,0.0,Floating Jump Shot,MISS Lowry 19' Floating Jump Shot,Danilo Gallinari,Nikola Jokic,Jusuf Nurkic,Will Barton,Emmanuel Mudiay
"=""0021600042""",62,17,20,0,0.0,rebound offensive,Siakam REBOUND (Off:1 Def:3),Danilo Gallinari,Nikola Jokic,Jusuf Nurkic,Will Barton,Emmanuel Mudiay
"=""0021600042""",63,17,20,0,0.0,unknown,MISS Siakam 1' Tip Layup Shot,Danilo Gallinari,Nikola Jokic,Jusuf Nurkic,Will Barton,Emmanuel Mudiay
"=""0021600042""",64,17,20,0,0.0,rebound offensive,DeRozan REBOUND (Off:1 Def:2),Danilo Gallinari,Nikola Jokic,Jusuf Nurkic,Will Barton,Emmanuel Mudiay
"=""0021600042""",65,17,20,0,0.0,Jump Shot,MISS Siakam 15' Jump Shot,Danilo Gallinari,Nikola Jokic,Jusuf Nurkic,Will Barton,Emmanuel Mudiay
"=""0021600042""",66,17,20,0,0.0,rebound offensive,Valanciunas REBOUND (Off:1 Def:0),Danilo Gallinari,Nikola Jokic,Jusuf Nurkic,Will Barton,Emmanuel Mudiay
"=""0021600042""",67,17,23,-3,0.0,Jump Shot,Carroll 25' 3PT Jump Shot (7 PTS) (DeRozan 1 AST),Danilo Gallinari,Nikola Jokic,Jusuf Nurkic,Will Barton,Emmanuel Mudiay
"=""0021600042""",68,17,23,0,0.0,unknown,MISS Mudiay 4' Driving Floating Jump Shot,Danilo Gallinari,Nikola Jokic,Jusuf Nurkic,Will Barton,Emmanuel Mudiay
"=""0021600042""",69,17,23,0,0.0,team rebound,RAPTORS Rebound,Danilo Gallinari,Nikola Jokic,Jusuf Nurkic,Will Barton,Emmanuel Mudiay
"=""0021600042""",258,42,57,0,0.0,sub,SUB: Jokic FOR Chandler,Jusuf Nurkic,Danilo Gallinari,Emmanuel Mudiay,Will Barton,Nikola Jokic
"=""0021600042""",259,42,58,-1,0.0,Free Throw 2 of 2,DeRozan Free Throw 2 of 2 (18 PTS),Jusuf Nurkic,Danilo Gallinari,Emmanuel Mudiay,Will Barton,Nikola Jokic
"=""0021600042""",261,42,58,0,0.0,Jump Shot,MISS Mudiay 26' 3PT Jump Shot,Jusuf Nurkic,Danilo Gallinari,Emmanuel Mudiay,Will Barton,Nikola Jokic
"=""0021600042""",262,42,58,0,0.0,rebound defensive,Powell REBOUND (Off:0 Def:1),Jusuf Nurkic,Danilo Gallinari,Emmanuel Mudiay,Will Barton,Nikola Jokic
"=""0021600042""",263,42,58,0,0.0,traveling,Valanciunas Traveling Turnover (P1.T1),Jusuf Nurkic,Danilo Gallinari,Emmanuel Mudiay,Will Barton,Nikola Jokic
"=""0021600042""",264,44,58,2,2.0,Turnaround Hook Shot,Nurkic 5' Turnaround Hook Shot (3 PTS),Jusuf Nurkic,Danilo Gallinari,Emmanuel Mudiay,Will Barton,Nikola Jokic
"=""0021600042""",265,44,60,-2,0.0,Pullup Jump Shot,DeRozan 11' Pullup Jump Shot (20 PTS),Jusuf Nurkic,Danilo Gallinari,Emmanuel Mudiay,Will Barton,Nikola Jokic
"=""0021600042""",266,44,60,0,0.0,p.foul,Powell P.FOUL (P1.PN) (G.Zielinski),Jusuf Nurkic,Danilo Gallinari,Emmanuel Mudiay,Will Barton,Nikola Jokic
"=""0021600042""",267,45,60,1,1.0,Free Throw 1 of 2,Gallinari Free Throw 1 of 2 (3 PTS),Jusuf Nurkic,Danilo Gallinari,Emmanuel Mudiay,Will Barton,Nikola Jokic
"=""0021600042""",269,45,60,0,0.0,sub,SUB: Poeltl FOR Valanciunas,Jusuf Nurkic,Danilo Gallinari,Emmanuel Mudiay,Will Barton,Nikola Jokic
"=""0021600042""",270,46,60,1,1.0,Free Throw 2 of 2,Gallinari Free Throw 2 of 2 (4 PTS),Jusuf Nurkic,Danilo Gallinari,Emmanuel Mudiay,Will Barton,Nikola Jokic
"=""0021600042""",272,46,62,-2,0.0,Pullup Jump Shot,Powell 15' Pullup Jump Shot (2 PTS),Jusuf Nurkic,Danilo Gallinari,Emmanuel Mudiay,Will Barton,Nikola Jokic
"=""0021600042""",273,49,62,3,3.0,Jump Shot,Gallinari 24' 3PT Jump Shot (7 PTS) (Barton 2 AST),Jusuf Nurkic,Danilo Gallinari,Emmanuel Mudiay,Will Barton,Nikola Jokic
"=""0021600042""",275,49,62,0,0.0,Fadeaway Jumper,MISS Joseph 10' Fadeaway Jumper,Jusuf Nurkic,Danilo Gallinari,Emmanuel Mudiay,Will Barton,Nikola Jokic
"=""0021600042""",276,49,62,0,0.0,rebound defensive,Mudiay REBOUND (Off:0 Def:4),Jusuf Nurkic,Danilo Gallinari,Emmanuel Mudiay,Will Barton,Nikola Jokic
"=""0021600042""",277,49,62,0,0.0,Jump Shot,MISS Mudiay 26' 3PT Jump Shot,Jusuf Nurkic,Danilo Gallinari,Emmanuel Mudiay,Will Barton,Nikola Jokic
"=""0021600042""",278,49,62,0,0.0,rebound offensive,Jokic REBOUND (Off:2 Def:2),Jusuf Nurkic,Danilo Gallinari,Emmanuel Mudiay,Will Barton,Nikola Jokic
"=""0021600042""",279,49,62,0,0.0,Putback Dunk,MISS Jokic  Putback Dunk,Jusuf Nurkic,Danilo Gallinari,Emmanuel Mudiay,Will Barton,Nikola Jokic
"=""0021600042""",280,49,62,0,0.0,team rebound,Nuggets Rebound,Jusuf Nurkic,Danilo Gallinari,Emmanuel Mudiay,Will Barton,Nikola Jokic
"=""0021600042""",281,49,62,0,0.0,end of period,NA,Jusuf Nurkic,Danilo Gallinari,Emmanuel Mudiay,Will Barton,Nikola Jokic
"=""0021600042""",283,49,62,0,0.0,start of period,NA,Danilo Gallinari,Nikola Jokic,Jusuf Nurkic,Will Barton,Emmanuel Mudiay
"=""0021600042""",284,51,62,2,2.0,Jump Bank Shot,Gallinari 4' Jump Bank Shot (9 PTS),Danilo Gallinari,Nikola Jokic,Jusuf Nurkic,Will Barton,Emmanuel Mudiay
"=""0021600042""",285,51,62,0,0.0,lost ball,"Nurkic STEAL (1 STL), DeRozan Lost Ball Turnover (P1.T2)",Danilo Gallinari,Nikola Jokic,Jusuf Nurkic,Will Barton,Emmanuel Mudiay
"=""0021600042""",286,51,62,0,0.0,Running Layup,MISS Mudiay 2' Running Layup,Danilo Gallinari,Nikola Jokic,Jusuf Nurkic,Will Barton,Emmanuel Mudiay
"=""0021600042""",287,51,62,0,0.0,rebound defensive,Lowry REBOUND (Off:0 Def:2),Danilo Gallinari,Nikola Jokic,Jusuf Nurkic,Will Barton,Emmanuel Mudiay
"=""0021600042""",288,51,62,0,0.0,out of bounds lost ball turnover,Valanciunas Out of Bounds Lost Ball Turnover (P2.T3),Danilo Gallinari,Nikola Jokic,Jusuf Nurkic,Will Barton,Emmanuel Mudiay
"=""0021600042""",289,54,62,3,3.0,Jump Shot,Barton 25' 3PT Jump Shot (14 PTS) (Mudiay 2 AST),Danilo Gallinari,Nikola Jokic,Jusuf Nurkic,Will Barton,Emmanuel Mudiay
"=""0021600042""",290,54,62,0,0.0,offensive charge foul,Lowry Offensive Charge Foul (P4.T1) (M.McCutchen),Danilo Gallinari,Nikola Jokic,Jusuf Nurkic,Will Barton,Emmanuel Mudiay
"=""0021600042""",291,54,62,0,0.0,foul turnover,Lowry Foul Turnover (P1.T4),Danilo Gallinari,Nikola Jokic,Jusuf Nurkic,Will Barton,Emmanuel Mudiay
"=""0021600042""",292,54,62,0,0.0,s.foul,Valanciunas S.FOUL (P3.T2) (G.Zielinski),Danilo Gallinari,Nikola Jokic,Jusuf Nurkic,Will Barton,Emmanuel Mudiay
"=""0021600042""",293,54,62,0,0.0,Free Throw 1 of 2,MISS Nurkic Free Throw 1 of 2,Danilo Gallinari,Nikola Jokic,Jusuf Nurkic,Will Barton,Emmanuel Mudiay
"=""0021600042""",294,54,62,0,0.0,team rebound,Nuggets Rebound,Danilo Gallinari,Nikola Jokic,Jusuf Nurkic,Will Barton,Emmanuel Mudiay
"=""0021600042""",295,54,62,0,0.0,Free Throw 2 of 2,MISS Nurkic Free Throw 2 of 2,Danilo Gallinari,Nikola Jokic,Jusuf Nurkic,Will Barton,Emmanuel Mudiay
"=""0021600042""",297,54,62,0,0.0,rebound defensive,Valanciunas REBOUND (Off:1 Def:3),Danilo Gallinari,Nikola Jokic,Jusuf Nurkic,Will Barton,Emmanuel Mudiay
"=""0021600042""",298,54,64,-2,0.0,Pullup Jump Shot,DeRozan 10' Pullup Jump Shot (22 PTS),Danilo Gallinari,Nikola Jokic,Jusuf Nurkic,Will Barton,Emmanuel Mudiay
"=""0021600042""",300,54,64,0,0.0,personal block foul,Siakam Personal Block Foul (P2.T3) (M.McCutchen),Danilo Gallinari,Nikola Jokic,Jusuf Nurkic,Will Barton,Emmanuel Mudiay
"=""0021600042""",301,54,64,0,0.0,s.foul,Siakam S.FOUL (P3.T4) (G.Zielinski),Danilo Gallinari,Nikola Jokic,Jusuf Nurkic,Will Barton,Emmanuel Mudiay
"=""0021600042""",302,55,64,1,1.0,Free Throw 1 of 2,Gallinari Free Throw 1 of 2 (10 PTS),Danilo Gallinari,Nikola Jokic,Jusuf Nurkic,Will Barton,Emmanuel Mudiay
"=""0021600042""",304,56,64,1,1.0,Free Throw 2 of 2,Gallinari Free Throw 2 of 2 (11 PTS),Danilo Gallinari,Nikola Jokic,Jusuf Nurkic,Will Barton,Emmanuel Mudiay
"=""0021600042""",306,56,64,0,0.0,Jump Shot,"Mudiay BLOCK (1 BLK), MISS Lowry 26' 3PT Jump Shot",Danilo Gallinari,Nikola Jokic,Jusuf Nurkic,Will Barton,Emmanuel Mudiay
"=""0021600042""",307,56,64,0,0.0,rebound defensive,Mudiay REBOUND (Off:0 Def:5),Danilo Gallinari,Nikola Jokic,Jusuf Nurkic,Will Barton,Emmanuel Mudiay
"=""0021600042""",308,56,64,0,0.0,s.foul,DeRozan S.FOUL (P1.PN) (M.McCutchen),Danilo Gallinari,Nikola Jokic,Jusuf Nurkic,Will Barton,Emmanuel Mudiay
"=""0021600042""",309,57,64,1,1.0,Free Throw 1 of 2,Barton Free Throw 1 of 2 (15 PTS),Danilo Gallinari,Nikola Jokic,Jusuf Nurkic,Will Barton,Emmanuel Mudiay
"=""0021600042""",311,58,64,1,1.0,Free Throw 2 of 2,Barton Free Throw 2 of 2 (16 PTS),Danilo Gallinari,Nikola Jokic,Jusuf Nurkic,Will Barton,Emmanuel Mudiay
"=""0021600042""",314,58,64,0,0.0,timeout: regular,RAPTORS Timeout: Regular (Full 2 Short 0),Danilo Gallinari,Nikola Jokic,Jusuf Nurkic,Will Barton,Emmanuel Mudiay
"=""0021600042""",316,58,64,0,0.0,sub,SUB: Patterson FOR Siakam,Danilo Gallinari,Nikola Jokic,Jusuf Nurkic,Will Barton,Emmanuel Mudiay
"=""0021600042""",317,58,66,-2,0.0,unknown,Valanciunas  Cutting Dunk Shot (8 PTS) (Lowry 6 AST),Danilo Gallinari,Nikola Jokic,Jusuf Nurkic,Will Barton,Emmanuel Mudiay
"=""0021600042""",318,58,66,0,0.0,Driving Layup,"MISS Mudiay 2' Driving Layup, Patterson BLOCK (2 BLK)",Danilo Gallinari,Nikola Jokic,Jusuf Nurkic,Will Barton,Emmanuel Mudiay
"=""0021600042""",319,58,66,0,0.0,rebound offensive,Nurkic REBOUND (Off:1 Def:5),Danilo Gallinari,Nikola Jokic,Jusuf Nurkic,Will Barton,Emmanuel Mudiay
"=""0021600042""",320,58,66,0,0.0,Putback Layup,"MISS Nurkic 1' Putback Layup, Patterson BLOCK (3 BLK)",Danilo Gallinari,Nikola Jokic,Jusuf Nurkic,Will Barton,Emmanuel Mudiay
"=""0021600042""",321,58,66,0,0.0,rebound offensive,Nurkic REBOUND (Off:2 Def:5),Danilo Gallinari,Nikola Jokic,Jusuf Nurkic,Will Barton,Emmanuel Mudiay
"=""0021600042""",322,60,66,2,2.0,Putback Layup,Nurkic  Putback Layup (5 PTS),Danilo Gallinari,Nikola Jokic,Jusuf Nurkic,Will Barton,Emmanuel Mudiay
"=""0021600042""",323,60,66,0,0.0,shooting block foul,Jokic Shooting Block Foul (P3.T1) (M.McCutchen),Danilo Gallinari,Nikola Jokic,Jusuf Nurkic,Will Barton,Emmanuel Mudiay
"=""0021600042""",324,60,67,-1,0.0,Free Throw 1 of 2,Lowry Free Throw 1 of 2 (9 PTS),Danilo Gallinari,Nikola Jokic,Jusuf Nurkic,Will Barton,Emmanuel Mudiay
"=""0021600042""",326,60,68,-1,0.0,Free Throw 2 of 2,Lowry Free Throw 2 of 2 (10 PTS),Danilo Gallinari,Nikola Jokic,Jusuf Nurkic,Will Barton,Emmanuel Mudiay
"=""0021600042""",328,62,68,2,2.0,Hook Shot,Nurkic 3' Hook Shot (7 PTS) (Jokic 1 AST),Danilo Gallinari,Nikola Jokic,Jusuf Nurkic,Will Barton,Emmanuel Mudiay
"=""0021600042""",330,62,68,0,0.0,Jump Shot,MISS Carroll 27' 3PT Jump Shot,Danilo Gallinari,Nikola Jokic,Jusuf Nurkic,Will Barton,Emmanuel Mudiay
"=""0021600042""",331,62,68,0,0.0,rebound defensive,Nurkic REBOUND (Off:2 Def:6),Danilo Gallinari,Nikola Jokic,Jusuf Nurkic,Will Barton,Emmanuel Mudiay
"=""0021600042""",333,62,68,0,0.0,lost ball,"Jokic Lost Ball Turnover (P3.T4), Lowry STEAL (3 STL)",Danilo Gallinari,Nikola Jokic,Jusuf Nurkic,Will Barton,Emmanuel Mudiay
"=""0021600042""",334,62,70,-2,0.0,Hook Shot,Valanciunas 5' Hook Shot (10 PTS) (Lowry 7 AST),Danilo Gallinari,Nikola Jokic,Jusuf Nurkic,Will Barton,Emmanuel Mudiay
"=""0021600042""",335,64,70,2,2.0,Driving Layup,Jokic 2' Driving Layup (10 PTS) (Mudiay 3 AST),Danilo Gallinari,Nikola Jokic,Jusuf Nurkic,Will Barton,Emmanuel Mudiay
"=""0021600042""",336,64,70,0,0.0,Step Back Jump Shot,MISS Lowry 21' Step Back Jump Shot,Danilo Gallinari,Nikola Jokic,Jusuf Nurkic,Will Barton,Emmanuel Mudiay
"=""0021600042""",337,64,70,0,0.0,rebound defensive,Nurkic REBOUND (Off:2 Def:7),Danilo Gallinari,Nikola Jokic,Jusuf Nurkic,Will Barton,Emmanuel Mudiay
"=""0021600042""",338,64,70,0,0.0,Reverse Layup,MISS Gallinari 2' Reverse Layup,Danilo Gallinari,Nikola Jokic,Jusuf Nurkic,Will Barton,Emmanuel Mudiay
"=""0021600042""",339,64,70,0,0.0,rebound offensive,Gallinari REBOUND (Off:1 Def:0),Danilo Gallinari,Nikola Jokic,Jusuf Nurkic,Will Barton,Emmanuel Mudiay
"=""0021600042""",340,64,70,0,0.0,Layup,"MISS Gallinari 2' Layup, Patterson BLOCK (4 BLK)",Danilo Gallinari,Nikola Jokic,Jusuf Nurkic,Will Barton,Emmanuel Mudiay
"=""0021600042""",345,64,70,0,0.0,team rebound,RAPTORS Rebound,Danilo Gallinari,Nikola Jokic,Jusuf Nurkic,Will Barton,Emmanuel Mudiay
"=""0021600042""",341,64,72,-2,0.0,Jump Shot,Lowry 21' Jump Shot (12 PTS),Danilo Gallinari,Nikola Jokic,Jusuf Nurkic,Will Barton,Emmanuel Mudiay
"=""0021600042""",342,64,72,0,0.0,bad pass,"Jokic Bad Pass Turnover (P4.T5), Patterson STEAL (1 STL)",Danilo Gallinari,Nikola Jokic,Jusuf Nurkic,Will Barton,Emmanuel Mudiay
"=""0021600042""",343,64,75,-3,0.0,Pullup Jump Shot,Lowry 26' 3PT Pullup Jump Shot (15 PTS) (Patterson 2 AST),Danilo Gallinari,Nikola Jokic,Jusuf Nurkic,Will Barton,Emmanuel Mudiay
"=""0021600042""",344,64,75,0,0.0,timeout: regular,Nuggets Timeout: Regular (Reg.4 Short 0),Danilo Gallinari,Nikola Jokic,Jusuf Nurkic,Will Barton,Emmanuel Mudiay
"=""0021600042""",349,64,75,0,0.0,unknown,MISS Gallinari 3' Driving Floating Jump Shot,Danilo Gallinari,Nikola Jokic,Jusuf Nurkic,Will Barton,Emmanuel Mudiay
"=""0021600042""",351,64,75,0,0.0,rebound offensive,Nurkic REBOUND (Off:3 Def:7),Danilo Gallinari,Nikola Jokic,Jusuf Nurkic,Will Barton,Emmanuel Mudiay
"=""0021600042""",350,64,75,0,0.0,unknown,MISS Nurkic 1' Tip Layup Shot,Danilo Gallinari,Nikola Jokic,Jusuf Nurkic,Will Barton,Emmanuel Mudiay
"=""0021600042""",353,64,75,0,0.0,rebound offensive,Nurkic REBOUND (Off:4 Def:7),Danilo Gallinari,Nikola Jokic,Jusuf Nurkic,Will Barton,Emmanuel Mudiay
"=""0021600042""",352,64,75,0,0.0,unknown,MISS Nurkic 1' Tip Layup Shot,Danilo Gallinari,Nikola Jokic,Jusuf Nurkic,Will Barton,Emmanuel Mudiay
"=""0021600042""",354,64,75,0,0.0,team rebound,RAPTORS Rebound,Danilo Gallinari,Nikola Jokic,Jusuf Nurkic,Will Barton,Emmanuel Mudiay
"=""0021600042""",355,64,75,0,0.0,s.foul,Mudiay S.FOUL (P1.T2) (G.Zielinski),Danilo Gallinari,Nikola Jokic,Jusuf Nurkic,Will Barton,Emmanuel Mudiay
"=""0021600042""",356,64,76,-1,0.0,Free Throw 1 of 2,Lowry Free Throw 1 of 2 (16 PTS),Danilo Gallinari,Nikola Jokic,Jusuf Nurkic,Will Barton,Emmanuel Mudiay
"=""0021600042""",358,64,77,-1,0.0,Free Throw 2 of 2,Lowry Free Throw 2 of 2 (17 PTS),Danilo Gallinari,Nikola Jokic,Jusuf Nurkic,Will Barton,Emmanuel Mudiay
"=""0021600042""",360,66,77,2,2.0,Turnaround Jump Shot,Jokic 8' Turnaround Jump Shot (12 PTS) (Mudiay 4 AST),Danilo Gallinari,Nikola Jokic,Jusuf Nurkic,Will Barton,Emmanuel Mudiay
"=""0021600042""",361,66,77,0,0.0,Pullup Jump Shot,MISS Valanciunas 17' Pullup Jump Shot,Danilo Gallinari,Nikola Jokic,Jusuf Nurkic,Will Barton,Emmanuel Mudiay
"=""0021600042""",362,66,77,0,0.0,rebound offensive,Patterson REBOUND (Off:1 Def:2),Danilo Gallinari,Nikola Jokic,Jusuf Nurkic,Will Barton,Emmanuel Mudiay
"=""0021600042""",363,66,77,0,0.0,unknown,MISS Patterson  Tip Layup Shot,Danilo Gallinari,Nikola Jokic,Jusuf Nurkic,Will Barton,Emmanuel Mudiay
"=""0021600042""",364,66,77,0,0.0,team rebound,RAPTORS Rebound,Danilo Gallinari,Nikola Jokic,Jusuf Nurkic,Will Barton,Emmanuel Mudiay
"=""0021600042""",365,66,77,0,0.0,p.foul,Jokic P.FOUL (P4.T3) (G.Zielinski),Danilo Gallinari,Nikola Jokic,Jusuf Nurkic,Will Barton,Emmanuel Mudiay
"=""0021600067""",0,0,0,NA,NA,start of period,NA,Danilo Gallinari,Nikola Jokic,Jusuf Nurkic,Jamal Murray,Emmanuel Mudiay
"=""0021600067""",1,0,0,0,0.0,jump ball,Jump Ball Towns vs. Nurkic: Tip to Dieng,Danilo Gallinari,Nikola Jokic,Jusuf Nurkic,Jamal Murray,Emmanuel Mudiay
"=""0021600067""",2,0,0,0,0.0,Jump Shot,MISS Towns 22' Jump Shot,Danilo Gallinari,Nikola Jokic,Jusuf Nurkic,Jamal Murray,Emmanuel Mudiay
"=""0021600067""",3,0,0,0,0.0,rebound defensive,Gallinari REBOUND (Off:0 Def:1),Danilo Gallinari,Nikola Jokic,Jusuf Nurkic,Jamal Murray,Emmanuel Mudiay
"=""0021600067""",4,0,0,0,0.0,Layup,MISS Nurkic  Layup,Danilo Gallinari,Nikola Jokic,Jusuf Nurkic,Jamal Murray,Emmanuel Mudiay
"=""0021600067""",5,0,0,0,0.0,rebound defensive,Towns REBOUND (Off:0 Def:1),Danilo Gallinari,Nikola Jokic,Jusuf Nurkic,Jamal Murray,Emmanuel Mudiay
"=""0021600067""",6,0,0,0,0.0,Pullup Jump Shot,MISS Wiggins 20' Pullup Jump Shot,Danilo Gallinari,Nikola Jokic,Jusuf Nurkic,Jamal Murray,Emmanuel Mudiay
"=""0021600067""",7,0,0,0,0.0,rebound defensive,Nurkic REBOUND (Off:0 Def:1),Danilo Gallinari,Nikola Jokic,Jusuf Nurkic,Jamal Murray,Emmanuel Mudiay
"=""0021600067""",8,2,0,2,2.0,Jump Shot,Gallinari 23' Jump Shot (2 PTS) (Jokic 1 AST),Danilo Gallinari,Nikola Jokic,Jusuf Nurkic,Jamal Murray,Emmanuel Mudiay
"=""0021600067""",9,2,0,0,0.0,Jump Shot,MISS LaVine 20' Jump Shot,Danilo Gallinari,Nikola Jokic,Jusuf Nurkic,Jamal Murray,Emmanuel Mudiay
"=""0021600067""",10,2,0,0,0.0,rebound offensive,Towns REBOUND (Off:1 Def:1),Danilo Gallinari,Nikola Jokic,Jusuf Nurkic,Jamal Murray,Emmanuel Mudiay
"=""0021600067""",11,2,2,-2,0.0,Jump Bank Shot,Towns 9' Jump Bank Shot (2 PTS),Danilo Gallinari,Nikola Jokic,Jusuf Nurkic,Jamal Murray,Emmanuel Mudiay
"=""0021600067""",12,2,2,0,0.0,Jump Shot,MISS Nurkic 20' Jump Shot,Danilo Gallinari,Nikola Jokic,Jusuf Nurkic,Jamal Murray,Emmanuel Mudiay
"=""0021600067""",13,2,2,0,0.0,rebound defensive,Towns REBOUND (Off:1 Def:2),Danilo Gallinari,Nikola Jokic,Jusuf Nurkic,Jamal Murray,Emmanuel Mudiay
"=""0021600067""",14,2,4,-2,0.0,Driving Layup,Towns 1' Driving Layup (4 PTS) (Dunn 1 AST),Danilo Gallinari,Nikola Jokic,Jusuf Nurkic,Jamal Murray,Emmanuel Mudiay
"=""0021600067""",15,2,4,0,0.0,s.foul,Jokic S.FOUL (P1.T1) (M.Lindsay),Danilo Gallinari,Nikola Jokic,Jusuf Nurkic,Jamal Murray,Emmanuel Mudiay
"=""0021600067""",16,2,5,-1,0.0,Free Throw 1 of 1,Towns Free Throw 1 of 1 (5 PTS),Danilo Gallinari,Nikola Jokic,Jusuf Nurkic,Jamal Murray,Emmanuel Mudiay
"=""0021600067""",18,2,5,0,0.0,Jump Shot,MISS Murray 19' Jump Shot,Danilo Gallinari,Nikola Jokic,Jusuf Nurkic,Jamal Murray,Emmanuel Mudiay
"=""0021600067""",19,2,5,0,0.0,rebound defensive,Towns REBOUND (Off:1 Def:3),Danilo Gallinari,Nikola Jokic,Jusuf Nurkic,Jamal Murray,Emmanuel Mudiay
"=""0021600067""",20,2,7,-2,0.0,Jump Shot,Wiggins 6' Jump Shot (2 PTS) (Dunn 2 AST),Danilo Gallinari,Nikola Jokic,Jusuf Nurkic,Jamal Murray,Emmanuel Mudiay
"=""0021600067""",21,2,7,0,0.0,s.foul,Jokic S.FOUL (P2.T2) (B.Nansel),Danilo Gallinari,Nikola Jokic,Jusuf Nurkic,Jamal Murray,Emmanuel Mudiay
"=""0021600067""",278,55,61,0,0.0,start of period,NA,Danilo Gallinari,Nikola Jokic,Jusuf Nurkic,Jamal Murray,Emmanuel Mudiay
"=""0021600067""",279,55,61,0,0.0,p.foul,LaVine P.FOUL (P1.T1) (M.Lindsay),Danilo Gallinari,Nikola Jokic,Jusuf Nurkic,Jamal Murray,Emmanuel Mudiay
"=""0021600067""",280,55,61,0,0.0,unknown,Nurkic Out of Bounds - Bad Pass Turnover Turnover (P1.T11),Danilo Gallinari,Nikola Jokic,Jusuf Nurkic,Jamal Murray,Emmanuel Mudiay
"=""0021600067""",281,55,63,-2,0.0,Jump Shot,Towns 7' Jump Shot (24 PTS) (Dunn 8 AST),Danilo Gallinari,Nikola Jokic,Jusuf Nurkic,Jamal Murray,Emmanuel Mudiay
"=""0021600067""",282,55,63,0,0.0,traveling,Jokic Traveling Turnover (P1.T12),Danilo Gallinari,Nikola Jokic,Jusuf Nurkic,Jamal Murray,Emmanuel Mudiay
"=""0021600067""",283,55,63,0,0.0,Turnaround Jump Shot,MISS Wiggins 15' Turnaround Jump Shot,Danilo Gallinari,Nikola Jokic,Jusuf Nurkic,Jamal Murray,Emmanuel Mudiay
"=""0021600067""",284,55,63,0,0.0,rebound defensive,Jokic REBOUND (Off:0 Def:1),Danilo Gallinari,Nikola Jokic,Jusuf Nurkic,Jamal Murray,Emmanuel Mudiay
"=""0021600067""",285,58,63,3,3.0,Pullup Jump Shot,Gallinari 24' 3PT Pullup Jump Shot (13 PTS) (Jokic 2 AST),Danilo Gallinari,Nikola Jokic,Jusuf Nurkic,Jamal Murray,Emmanuel Mudiay
"=""0021600067""",286,58,63,0,0.0,s.foul,Wiggins S.FOUL (P3.T2) (B.Nansel),Danilo Gallinari,Nikola Jokic,Jusuf Nurkic,Jamal Murray,Emmanuel Mudiay
"=""0021600067""",287,59,63,1,1.0,Free Throw 1 of 1,Gallinari Free Throw 1 of 1 (14 PTS),Danilo Gallinari,Nikola Jokic,Jusuf Nurkic,Jamal Murray,Emmanuel Mudiay
"=""0021600067""",289,59,63,0,0.0,Jump Shot,MISS Dieng 13' Jump Shot,Danilo Gallinari,Nikola Jokic,Jusuf Nurkic,Jamal Murray,Emmanuel Mudiay
"=""0021600067""",290,59,63,0,0.0,rebound offensive,Towns REBOUND (Off:5 Def:4),Danilo Gallinari,Nikola Jokic,Jusuf Nurkic,Jamal Murray,Emmanuel Mudiay
"=""0021600067""",291,59,65,-2,0.0,unknown,Wiggins  Cutting Dunk Shot (19 PTS) (Dieng 2 AST),Danilo Gallinari,Nikola Jokic,Jusuf Nurkic,Jamal Murray,Emmanuel Mudiay
"=""0021600067""",292,59,65,0,0.0,s.foul,Dieng S.FOUL (P2.T3) (M.Callahan),Danilo Gallinari,Nikola Jokic,Jusuf Nurkic,Jamal Murray,Emmanuel Mudiay
"=""0021600067""",293,59,65,0,0.0,Free Throw 1 of 2,MISS Nurkic Free Throw 1 of 2,Danilo Gallinari,Nikola Jokic,Jusuf Nurkic,Jamal Murray,Emmanuel Mudiay
"=""0021600067""",294,59,65,0,0.0,team rebound,Nuggets Rebound,Danilo Gallinari,Nikola Jokic,Jusuf Nurkic,Jamal Murray,Emmanuel Mudiay
"=""0021600067""",295,59,65,0,0.0,Free Throw 2 of 2,MISS Nurkic Free Throw 2 of 2,Danilo Gallinari,Nikola Jokic,Jusuf Nurkic,Jamal Murray,Emmanuel Mudiay
"=""0021600067""",297,59,65,0,0.0,rebound defensive,Wiggins REBOUND (Off:1 Def:2),Danilo Gallinari,Nikola Jokic,Jusuf Nurkic,Jamal Murray,Emmanuel Mudiay
"=""0021600067""",298,59,65,0,0.0,Jump Shot,MISS Wiggins 17' Jump Shot,Danilo Gallinari,Nikola Jokic,Jusuf Nurkic,Jamal Murray,Emmanuel Mudiay
"=""0021600067""",299,59,65,0,0.0,rebound defensive,Gallinari REBOUND (Off:0 Def:4),Danilo Gallinari,Nikola Jokic,Jusuf Nurkic,Jamal Murray,Emmanuel Mudiay
"=""0021600067""",300,61,65,2,2.0,Jump Shot,Jokic 11' Jump Shot (4 PTS) (Gallinari 2 AST),Danilo Gallinari,Nikola Jokic,Jusuf Nurkic,Jamal Murray,Emmanuel Mudiay
"=""0021600067""",301,61,65,0,0.0,Floating Jump Shot,MISS Dunn 14' Floating Jump Shot,Danilo Gallinari,Nikola Jokic,Jusuf Nurkic,Jamal Murray,Emmanuel Mudiay
"=""0021600067""",302,61,65,0,0.0,rebound defensive,Mudiay REBOUND (Off:0 Def:1),Danilo Gallinari,Nikola Jokic,Jusuf Nurkic,Jamal Murray,Emmanuel Mudiay
"=""0021600067""",303,63,65,2,2.0,Layup,Nurkic 2' Layup (11 PTS) (Mudiay 3 AST),Danilo Gallinari,Nikola Jokic,Jusuf Nurkic,Jamal Murray,Emmanuel Mudiay
"=""0021600067""",304,63,65,0,0.0,timeout: regular,TIMBERWOLVES Timeout: Regular (Full 3 Short 1),Danilo Gallinari,Nikola Jokic,Jusuf Nurkic,Jamal Murray,Emmanuel Mudiay
"=""0021600067""",306,63,65,0,0.0,Jump Shot,MISS Towns 24' 3PT Jump Shot,Danilo Gallinari,Nikola Jokic,Jusuf Nurkic,Jamal Murray,Emmanuel Mudiay
"=""0021600067""",307,63,65,0,0.0,rebound defensive,Murray REBOUND (Off:0 Def:3),Danilo Gallinari,Nikola Jokic,Jusuf Nurkic,Jamal Murray,Emmanuel Mudiay
"=""0021600067""",308,63,65,0,0.0,Jump Shot,MISS Mudiay 10' Jump Shot,Danilo Gallinari,Nikola Jokic,Jusuf Nurkic,Jamal Murray,Emmanuel Mudiay
"=""0021600067""",311,63,65,0,0.0,rebound defensive,Towns REBOUND (Off:5 Def:5),Danilo Gallinari,Nikola Jokic,Jusuf Nurkic,Jamal Murray,Emmanuel Mudiay
"=""0021600067""",312,63,65,0,0.0,p.foul,Gallinari P.FOUL (P1.T1) (B.Nansel),Danilo Gallinari,Nikola Jokic,Jusuf Nurkic,Jamal Murray,Emmanuel Mudiay
"=""0021600067""",313,63,65,0,0.0,Layup,MISS Dieng 1' Layup,Danilo Gallinari,Nikola Jokic,Jusuf Nurkic,Jamal Murray,Emmanuel Mudiay
"=""0021600067""",314,63,65,0,0.0,rebound defensive,Mudiay REBOUND (Off:0 Def:2),Danilo Gallinari,Nikola Jokic,Jusuf Nurkic,Jamal Murray,Emmanuel Mudiay
"=""0021600067""",315,65,65,2,2.0,Hook Shot,Nurkic 4' Hook Shot (13 PTS),Danilo Gallinari,Nikola Jokic,Jusuf Nurkic,Jamal Murray,Emmanuel Mudiay
"=""0021600067""",316,65,65,0,0.0,s.foul,Jokic S.FOUL (P3.T2) (M.Callahan),Danilo Gallinari,Nikola Jokic,Jusuf Nurkic,Jamal Murray,Emmanuel Mudiay
"=""0021600067""",317,65,66,-1,0.0,Free Throw 1 of 2,Towns Free Throw 1 of 2 (25 PTS),Danilo Gallinari,Nikola Jokic,Jusuf Nurkic,Jamal Murray,Emmanuel Mudiay
"=""0021600067""",322,65,66,0,0.0,lane violation,Dieng Lane Violation Turnover (P4.T9),Danilo Gallinari,Nikola Jokic,Jusuf Nurkic,Jamal Murray,Emmanuel Mudiay
"=""0021600067""",323,67,66,2,2.0,unknown,Mudiay 2' Cutting Layup Shot (9 PTS) (Jokic 3 AST),Danilo Gallinari,Nikola Jokic,Jusuf Nurkic,Jamal Murray,Emmanuel Mudiay
"=""0021600067""",324,67,66,0,0.0,Jump Shot,MISS Wiggins 7' Jump Shot,Danilo Gallinari,Nikola Jokic,Jusuf Nurkic,Jamal Murray,Emmanuel Mudiay
"=""0021600067""",325,67,66,0,0.0,rebound defensive,Mudiay REBOUND (Off:0 Def:3),Danilo Gallinari,Nikola Jokic,Jusuf Nurkic,Jamal Murray,Emmanuel Mudiay
"=""0021600067""",326,67,66,0,0.0,offensive charge foul,Mudiay Offensive Charge Foul (P2.T3) (M.Callahan),Danilo Gallinari,Nikola Jokic,Jusuf Nurkic,Jamal Murray,Emmanuel Mudiay
"=""0021600067""",327,67,66,0,0.0,foul turnover,Mudiay Foul Turnover (P4.T13),Danilo Gallinari,Nikola Jokic,Jusuf Nurkic,Jamal Murray,Emmanuel Mudiay
"=""0021600067""",328,67,66,0,0.0,Jump Shot,MISS Wiggins 24' 3PT Jump Shot,Danilo Gallinari,Nikola Jokic,Jusuf Nurkic,Jamal Murray,Emmanuel Mudiay
"=""0021600067""",329,67,66,0,0.0,rebound defensive,Mudiay REBOUND (Off:0 Def:4),Danilo Gallinari,Nikola Jokic,Jusuf Nurkic,Jamal Murray,Emmanuel Mudiay
"=""0021600067""",330,67,66,0,0.0,Layup,"MISS Nurkic 2' Layup, Towns BLOCK (2 BLK)",Danilo Gallinari,Nikola Jokic,Jusuf Nurkic,Jamal Murray,Emmanuel Mudiay
"=""0021600067""",331,67,66,0,0.0,rebound defensive,Dieng REBOUND (Off:2 Def:2),Danilo Gallinari,Nikola Jokic,Jusuf Nurkic,Jamal Murray,Emmanuel Mudiay
"=""0021600067""",332,67,68,-2,0.0,Driving Layup,Wiggins 1' Driving Layup (21 PTS) (Dunn 9 AST),Danilo Gallinari,Nikola Jokic,Jusuf Nurkic,Jamal Murray,Emmanuel Mudiay
"=""0021600067""",333,67,68,0,0.0,Jump Shot,MISS Mudiay 25' 3PT Jump Shot,Danilo Gallinari,Nikola Jokic,Jusuf Nurkic,Jamal Murray,Emmanuel Mudiay
"=""0021600067""",334,67,68,0,0.0,rebound defensive,Towns REBOUND (Off:5 Def:6),Danilo Gallinari,Nikola Jokic,Jusuf Nurkic,Jamal Murray,Emmanuel Mudiay
"=""0021600067""",335,67,68,0,0.0,Jump Shot,MISS Dieng 18' Jump Shot,Danilo Gallinari,Nikola Jokic,Jusuf Nurkic,Jamal Murray,Emmanuel Mudiay
"=""0021600067""",336,67,68,0,0.0,rebound defensive,Mudiay REBOUND (Off:0 Def:5),Danilo Gallinari,Nikola Jokic,Jusuf Nurkic,Jamal Murray,Emmanuel Mudiay
"=""0021600067""",337,69,68,2,2.0,Layup,Nurkic  Layup (15 PTS) (Murray 3 AST),Danilo Gallinari,Nikola Jokic,Jusuf Nurkic,Jamal Murray,Emmanuel Mudiay
"=""0021600067""",338,69,68,0,0.0,timeout: regular,TIMBERWOLVES Timeout: Regular (Full 4 Short 1),Danilo Gallinari,Nikola Jokic,Jusuf Nurkic,Jamal Murray,Emmanuel Mudiay
"=""0021600067""",340,69,68,0,0.0,sub,SUB: Nelson FOR Murray,Danilo Gallinari,Nikola Jokic,Jusuf Nurkic,Emmanuel Mudiay,Jameer Nelson
"=""0021600067""",341,69,68,0,0.0,Jump Shot,MISS Towns 25' 3PT Jump Shot,Danilo Gallinari,Nikola Jokic,Jusuf Nurkic,Emmanuel Mudiay,Jameer Nelson
"=""0021600067""",342,69,68,0,0.0,rebound defensive,Jokic REBOUND (Off:0 Def:2),Danilo Gallinari,Nikola Jokic,Jusuf Nurkic,Emmanuel Mudiay,Jameer Nelson
"=""0021600067""",344,69,68,0,0.0,s.foul,Dunn S.FOUL (P3.T4) (M.Callahan),Danilo Gallinari,Nikola Jokic,Jusuf Nurkic,Emmanuel Mudiay,Jameer Nelson
"=""0021600067""",345,70,68,1,1.0,Free Throw 1 of 2,Nurkic Free Throw 1 of 2 (16 PTS),Danilo Gallinari,Nikola Jokic,Jusuf Nurkic,Emmanuel Mudiay,Jameer Nelson
"=""0021600067""",347,71,68,1,1.0,Free Throw 2 of 2,Nurkic Free Throw 2 of 2 (17 PTS),Danilo Gallinari,Nikola Jokic,Jusuf Nurkic,Emmanuel Mudiay,Jameer Nelson
"=""0021600067""",349,71,68,0,0.0,Jump Shot,MISS LaVine 25' 3PT Jump Shot,Danilo Gallinari,Nikola Jokic,Jusuf Nurkic,Emmanuel Mudiay,Jameer Nelson
"=""0021600067""",350,71,68,0,0.0,team rebound,Nuggets Rebound,Danilo Gallinari,Nikola Jokic,Jusuf Nurkic,Emmanuel Mudiay,Jameer Nelson
"=""0021600067""",351,71,68,0,0.0,l.b.foul,Dieng L.B.FOUL (P3.PN) (M.Lindsay),Danilo Gallinari,Nikola Jokic,Jusuf Nurkic,Emmanuel Mudiay,Jameer Nelson
"=""0021600067""",352,71,68,0,0.0,Free Throw 1 of 2,MISS Jokic Free Throw 1 of 2,Danilo Gallinari,Nikola Jokic,Jusuf Nurkic,Emmanuel Mudiay,Jameer Nelson
"=""0021600067""",353,71,68,0,0.0,team rebound,Nuggets Rebound,Danilo Gallinari,Nikola Jokic,Jusuf Nurkic,Emmanuel Mudiay,Jameer Nelson
"=""0021600067""",354,72,68,1,1.0,Free Throw 2 of 2,Jokic Free Throw 2 of 2 (5 PTS),Danilo Gallinari,Nikola Jokic,Jusuf Nurkic,Emmanuel Mudiay,Jameer Nelson
"=""0021600067""",356,72,68,0,0.0,bad pass,"Mudiay STEAL (3 STL), Dunn Bad Pass Turnover (P3.T10)",Danilo Gallinari,Nikola Jokic,Jusuf Nurkic,Emmanuel Mudiay,Jameer Nelson
"=""0021600067""",357,72,68,0,0.0,Jump Shot,MISS Mudiay 24' 3PT Jump Shot,Danilo Gallinari,Nikola Jokic,Jusuf Nurkic,Emmanuel Mudiay,Jameer Nelson
"=""0021600067""",358,72,68,0,0.0,team rebound,Nuggets Rebound,Danilo Gallinari,Nikola Jokic,Jusuf Nurkic,Emmanuel Mudiay,Jameer Nelson
"=""0021600067""",359,72,68,0,0.0,flagrant.foul.type1,Dieng FLAGRANT.FOUL.TYPE1 (P4.PN) (M.Callahan),Danilo Gallinari,Nikola Jokic,Jusuf Nurkic,Emmanuel Mudiay,Jameer Nelson
"=""0021600067""",360,72,68,0,0.0,uknown,NA,Danilo Gallinari,Nikola Jokic,Jusuf Nurkic,Emmanuel Mudiay,Jameer Nelson
"=""0021600067""",361,72,68,0,0.0,Free Throw Flagrant 1 of 2,MISS Nurkic Free Throw Flagrant 1 of 2,Danilo Gallinari,Nikola Jokic,Jusuf Nurkic,Emmanuel Mudiay,Jameer Nelson
"=""0021600067""",362,72,68,0,0.0,team rebound,Nuggets Rebound,Danilo Gallinari,Nikola Jokic,Jusuf Nurkic,Emmanuel Mudiay,Jameer Nelson
"=""0021600067""",363,73,68,1,1.0,Free Throw Flagrant 2 of 2,Nurkic Free Throw Flagrant 2 of 2 (18 PTS),Danilo Gallinari,Nikola Jokic,Jusuf Nurkic,Emmanuel Mudiay,Jameer Nelson
"=""0021600067""",365,73,68,0,0.0,sub,SUB: Bjelica FOR Dieng,Danilo Gallinari,Nikola Jokic,Jusuf Nurkic,Emmanuel Mudiay,Jameer Nelson
"=""0021600067""",366,76,68,3,3.0,Jump Shot,Gallinari  3PT Jump Shot (17 PTS) (Nelson 6 AST),Danilo Gallinari,Nikola Jokic,Jusuf Nurkic,Emmanuel Mudiay,Jameer Nelson
"=""0021600067""",367,76,68,0,0.0,s.foul,Nurkic S.FOUL (P4.T4) (M.Callahan),Danilo Gallinari,Nikola Jokic,Jusuf Nurkic,Emmanuel Mudiay,Jameer Nelson
"=""0021600067""",369,76,69,-1,0.0,Free Throw 1 of 2,Towns Free Throw 1 of 2 (26 PTS),Danilo Gallinari,Nikola Jokic,Jusuf Nurkic,Emmanuel Mudiay,Jameer Nelson
"=""0021600082""",0,0,0,NA,NA,start of period,NA,Danilo Gallinari,Nikola Jokic,Jusuf Nurkic,Jamal Murray,Emmanuel Mudiay
"=""0021600082""",1,0,0,0,0.0,jump ball,Jump Ball Drummond vs. Nurkic: Tip to Harris,Danilo Gallinari,Nikola Jokic,Jusuf Nurkic,Jamal Murray,Emmanuel Mudiay
"=""0021600082""",2,0,0,0,0.0,s.foul,Nurkic S.FOUL (P1.T1) (K.Fitzgerald),Danilo Gallinari,Nikola Jokic,Jusuf Nurkic,Jamal Murray,Emmanuel Mudiay
"=""0021600082""",3,0,1,-1,0.0,Free Throw 1 of 2,Drummond Free Throw 1 of 2 (1 PTS),Danilo Gallinari,Nikola Jokic,Jusuf Nurkic,Jamal Murray,Emmanuel Mudiay
"=""0021600082""",5,0,1,0,0.0,Free Throw 2 of 2,MISS Drummond Free Throw 2 of 2,Danilo Gallinari,Nikola Jokic,Jusuf Nurkic,Jamal Murray,Emmanuel Mudiay
"=""0021600082""",7,0,1,0,0.0,rebound offensive,Marc Morris REBOUND (Off:1 Def:0),Danilo Gallinari,Nikola Jokic,Jusuf Nurkic,Jamal Murray,Emmanuel Mudiay
"=""0021600082""",8,0,4,-3,0.0,Jump Shot,Caldwell-Pope 26' 3PT Jump Shot (3 PTS),Danilo Gallinari,Nikola Jokic,Jusuf Nurkic,Jamal Murray,Emmanuel Mudiay
"=""0021600082""",9,0,4,0,0.0,Layup,"MISS Nurkic  Layup, Drummond BLOCK (1 BLK)",Danilo Gallinari,Nikola Jokic,Jusuf Nurkic,Jamal Murray,Emmanuel Mudiay
"=""0021600082""",10,0,4,0,0.0,rebound defensive,Drummond REBOUND (Off:0 Def:1),Danilo Gallinari,Nikola Jokic,Jusuf Nurkic,Jamal Murray,Emmanuel Mudiay
"=""0021600082""",11,0,4,0,0.0,s.foul,Mudiay S.FOUL (P1.T2) (V.Voyard-Tadal),Danilo Gallinari,Nikola Jokic,Jusuf Nurkic,Jamal Murray,Emmanuel Mudiay
"=""0021600082""",12,0,5,-1,0.0,Free Throw 1 of 2,Drummond Free Throw 1 of 2 (2 PTS),Danilo Gallinari,Nikola Jokic,Jusuf Nurkic,Jamal Murray,Emmanuel Mudiay
"=""0021600082""",14,0,6,-1,0.0,Free Throw 2 of 2,Drummond Free Throw 2 of 2 (3 PTS),Danilo Gallinari,Nikola Jokic,Jusuf Nurkic,Jamal Murray,Emmanuel Mudiay
"=""0021600082""",16,0,6,0,0.0,bad pass,"Nurkic Bad Pass Turnover (P1.T1), Drummond STEAL (1 STL)",Danilo Gallinari,Nikola Jokic,Jusuf Nurkic,Jamal Murray,Emmanuel Mudiay
"=""0021600082""",17,0,8,-2,0.0,Alley Oop Dunk,Drummond  Alley Oop Dunk (5 PTS) (Smith 1 AST),Danilo Gallinari,Nikola Jokic,Jusuf Nurkic,Jamal Murray,Emmanuel Mudiay
"=""0021600082""",18,0,8,0,0.0,timeout: regular,Nuggets Timeout: Regular (Reg.1 Short 0),Danilo Gallinari,Nikola Jokic,Jusuf Nurkic,Jamal Murray,Emmanuel Mudiay
"=""0021600082""",20,0,8,0,0.0,Jump Shot,MISS Mudiay 26' 3PT Jump Shot,Danilo Gallinari,Nikola Jokic,Jusuf Nurkic,Jamal Murray,Emmanuel Mudiay
"=""0021600082""",21,0,8,0,0.0,team rebound,Nuggets Rebound,Danilo Gallinari,Nikola Jokic,Jusuf Nurkic,Jamal Murray,Emmanuel Mudiay
"=""0021600082""",22,0,8,0,0.0,out of bounds lost ball turnover,Mudiay Out of Bounds Lost Ball Turnover (P1.T2),Danilo Gallinari,Nikola Jokic,Jusuf Nurkic,Jamal Murray,Emmanuel Mudiay
"=""0021600082""",23,0,10,-2,0.0,Jump Shot,Harris 12' Jump Shot (2 PTS),Danilo Gallinari,Nikola Jokic,Jusuf Nurkic,Jamal Murray,Emmanuel Mudiay
"=""0021600082""",24,2,10,2,2.0,Layup,Nurkic 2' Layup (2 PTS) (Murray 1 AST),Danilo Gallinari,Nikola Jokic,Jusuf Nurkic,Jamal Murray,Emmanuel Mudiay
"=""0021600082""",25,2,12,-2,0.0,Jump Shot,Smith 22' Jump Shot (2 PTS),Danilo Gallinari,Nikola Jokic,Jusuf Nurkic,Jamal Murray,Emmanuel Mudiay
"=""0021600082""",26,2,12,0,0.0,Jump Shot,MISS Jokic 7' Jump Shot,Danilo Gallinari,Nikola Jokic,Jusuf Nurkic,Jamal Murray,Emmanuel Mudiay
"=""0021600082""",27,2,12,0,0.0,rebound defensive,Drummond REBOUND (Off:0 Def:2),Danilo Gallinari,Nikola Jokic,Jusuf Nurkic,Jamal Murray,Emmanuel Mudiay
"=""0021600082""",28,2,12,0,0.0,Jump Shot,MISS Marc Morris 15' Jump Shot,Danilo Gallinari,Nikola Jokic,Jusuf Nurkic,Jamal Murray,Emmanuel Mudiay
"=""0021600082""",29,2,12,0,0.0,rebound defensive,Mudiay REBOUND (Off:0 Def:1),Danilo Gallinari,Nikola Jokic,Jusuf Nurkic,Jamal Murray,Emmanuel Mudiay
"=""0021600082""",30,2,12,0,0.0,bad pass,Nurkic Bad Pass Turnover (P2.T3),Danilo Gallinari,Nikola Jokic,Jusuf Nurkic,Jamal Murray,Emmanuel Mudiay
"=""0021600082""",31,2,14,-2,0.0,Jump Shot,Caldwell-Pope 19' Jump Shot (5 PTS) (Drummond 1 AST),Danilo Gallinari,Nikola Jokic,Jusuf Nurkic,Jamal Murray,Emmanuel Mudiay
"=""0021600082""",32,2,14,0,0.0,Jump Shot,MISS Gallinari 26' 3PT Jump Shot,Danilo Gallinari,Nikola Jokic,Jusuf Nurkic,Jamal Murray,Emmanuel Mudiay
"=""0021600082""",33,2,14,0,0.0,rebound defensive,Smith REBOUND (Off:0 Def:1),Danilo Gallinari,Nikola Jokic,Jusuf Nurkic,Jamal Murray,Emmanuel Mudiay
"=""0021600082""",34,2,14,0,0.0,Jump Shot,MISS Harris 27' 3PT Jump Shot,Danilo Gallinari,Nikola Jokic,Jusuf Nurkic,Jamal Murray,Emmanuel Mudiay
"=""0021600082""",35,2,14,0,0.0,rebound defensive,Nurkic REBOUND (Off:0 Def:1),Danilo Gallinari,Nikola Jokic,Jusuf Nurkic,Jamal Murray,Emmanuel Mudiay
"=""0021600082""",36,2,14,0,0.0,Jump Shot,"MISS Nurkic 4' Jump Shot, Harris BLOCK (1 BLK)",Danilo Gallinari,Nikola Jokic,Jusuf Nurkic,Jamal Murray,Emmanuel Mudiay
"=""0021600082""",37,2,14,0,0.0,rebound defensive,Drummond REBOUND (Off:0 Def:3),Danilo Gallinari,Nikola Jokic,Jusuf Nurkic,Jamal Murray,Emmanuel Mudiay
"=""0021600082""",38,2,14,0,0.0,Jump Shot,MISS Caldwell-Pope 19' Jump Shot,Danilo Gallinari,Nikola Jokic,Jusuf Nurkic,Jamal Murray,Emmanuel Mudiay
"=""0021600082""",39,2,14,0,0.0,rebound defensive,Jokic REBOUND (Off:0 Def:1),Danilo Gallinari,Nikola Jokic,Jusuf Nurkic,Jamal Murray,Emmanuel Mudiay
"=""0021600082""",40,2,14,0,0.0,Jump Shot,MISS Murray  3PT Jump Shot,Danilo Gallinari,Nikola Jokic,Jusuf Nurkic,Jamal Murray,Emmanuel Mudiay
"=""0021600082""",41,2,14,0,0.0,rebound defensive,Drummond REBOUND (Off:0 Def:4),Danilo Gallinari,Nikola Jokic,Jusuf Nurkic,Jamal Murray,Emmanuel Mudiay
"=""0021600082""",42,2,16,-2,0.0,Layup,Harris 1' Layup (4 PTS) (Caldwell-Pope 1 AST),Danilo Gallinari,Nikola Jokic,Jusuf Nurkic,Jamal Murray,Emmanuel Mudiay
"=""0021600082""",43,2,16,0,0.0,timeout: short,Nuggets Timeout: Short (Reg.1 Short 1),Danilo Gallinari,Nikola Jokic,Jusuf Nurkic,Jamal Murray,Emmanuel Mudiay
"=""0021600082""",162,22,38,0,0.0,sub,SUB: Jokic FOR Hernangomez,Jameer Nelson,Wilson Chandler,Jusuf Nurkic,Emmanuel Mudiay,Nikola Jokic
"=""0021600082""",163,22,38,0,0.0,Turnaround Jump Shot,MISS Marc Morris 17' Turnaround Jump Shot,Jameer Nelson,Wilson Chandler,Jusuf Nurkic,Emmanuel Mudiay,Nikola Jokic
"=""0021600082""",164,22,38,0,0.0,rebound defensive,Jokic REBOUND (Off:1 Def:2),Jameer Nelson,Wilson Chandler,Jusuf Nurkic,Emmanuel Mudiay,Nikola Jokic
"=""0021600082""",165,22,38,0,0.0,Jump Shot,MISS Jokic 8' Jump Shot,Jameer Nelson,Wilson Chandler,Jusuf Nurkic,Emmanuel Mudiay,Nikola Jokic
"=""0021600082""",166,22,38,0,0.0,rebound defensive,Marc Morris REBOUND (Off:1 Def:1),Jameer Nelson,Wilson Chandler,Jusuf Nurkic,Emmanuel Mudiay,Nikola Jokic
"=""0021600082""",167,22,38,0,0.0,Hook Shot,MISS Drummond 5' Hook Shot,Jameer Nelson,Wilson Chandler,Jusuf Nurkic,Emmanuel Mudiay,Nikola Jokic
"=""0021600082""",168,22,38,0,0.0,rebound defensive,Nurkic REBOUND (Off:1 Def:2),Jameer Nelson,Wilson Chandler,Jusuf Nurkic,Emmanuel Mudiay,Nikola Jokic
"=""0021600082""",169,24,38,2,2.0,Driving Layup,Chandler 1' Driving Layup (10 PTS),Jameer Nelson,Wilson Chandler,Jusuf Nurkic,Emmanuel Mudiay,Nikola Jokic
"=""0021600082""",170,24,38,0,0.0,p.foul,Jokic P.FOUL (P1.T3) (V.Voyard-Tadal),Jameer Nelson,Wilson Chandler,Jusuf Nurkic,Emmanuel Mudiay,Nikola Jokic
"=""0021600082""",171,24,38,0,0.0,sub,SUB: Gallinari FOR Chandler,Jameer Nelson,Jusuf Nurkic,Emmanuel Mudiay,Nikola Jokic,Danilo Gallinari
"=""0021600082""",172,24,40,-2,0.0,Pullup Jump Shot,Johnson 20' Pullup Jump Shot (2 PTS) (Leuer 3 AST),Jameer Nelson,Jusuf Nurkic,Emmanuel Mudiay,Nikola Jokic,Danilo Gallinari
"=""0021600082""",173,24,40,0,0.0,p.foul,Marc Morris P.FOUL (P2.T3) (V.Voyard-Tadal),Jameer Nelson,Jusuf Nurkic,Emmanuel Mudiay,Nikola Jokic,Danilo Gallinari
"=""0021600082""",174,24,40,0,0.0,sub,SUB: Harris FOR Marc Morris,Jameer Nelson,Jusuf Nurkic,Emmanuel Mudiay,Nikola Jokic,Danilo Gallinari
"=""0021600082""",175,24,40,0,0.0,Jump Shot,MISS Nelson 17' Jump Shot,Jameer Nelson,Jusuf Nurkic,Emmanuel Mudiay,Nikola Jokic,Danilo Gallinari
"=""0021600082""",176,24,40,0,0.0,rebound defensive,Drummond REBOUND (Off:1 Def:9),Jameer Nelson,Jusuf Nurkic,Emmanuel Mudiay,Nikola Jokic,Danilo Gallinari
"=""0021600082""",177,24,40,0,0.0,lost ball,"Nelson STEAL (2 STL), Drummond Lost Ball Turnover (P2.T4)",Jameer Nelson,Jusuf Nurkic,Emmanuel Mudiay,Nikola Jokic,Danilo Gallinari
"=""0021600082""",178,24,40,0,0.0,Jump Shot,MISS Mudiay 12' Jump Shot,Jameer Nelson,Jusuf Nurkic,Emmanuel Mudiay,Nikola Jokic,Danilo Gallinari
"=""0021600082""",179,24,40,0,0.0,rebound offensive,Nurkic REBOUND (Off:2 Def:2),Jameer Nelson,Jusuf Nurkic,Emmanuel Mudiay,Nikola Jokic,Danilo Gallinari
"=""0021600082""",180,26,40,2,2.0,Layup,Nurkic 1' Layup (6 PTS),Jameer Nelson,Jusuf Nurkic,Emmanuel Mudiay,Nikola Jokic,Danilo Gallinari
"=""0021600082""",181,26,40,0,0.0,Jump Shot,MISS Udrih 17' Jump Shot,Jameer Nelson,Jusuf Nurkic,Emmanuel Mudiay,Nikola Jokic,Danilo Gallinari
"=""0021600082""",182,26,40,0,0.0,rebound defensive,Gallinari REBOUND (Off:1 Def:1),Jameer Nelson,Jusuf Nurkic,Emmanuel Mudiay,Nikola Jokic,Danilo Gallinari
"=""0021600082""",183,26,40,0,0.0,Jump Shot,"MISS Gallinari 5' Jump Shot, Drummond BLOCK (2 BLK)",Jameer Nelson,Jusuf Nurkic,Emmanuel Mudiay,Nikola Jokic,Danilo Gallinari
"=""0021600082""",184,26,40,0,0.0,rebound defensive,Udrih REBOUND (Off:0 Def:2),Jameer Nelson,Jusuf Nurkic,Emmanuel Mudiay,Nikola Jokic,Danilo Gallinari
"=""0021600082""",185,26,42,-2,0.0,Dunk,Leuer  Dunk (7 PTS) (Udrih 2 AST),Jameer Nelson,Jusuf Nurkic,Emmanuel Mudiay,Nikola Jokic,Danilo Gallinari
"=""0021600082""",186,26,42,0,0.0,Jump Shot,"MISS Jokic 3' Jump Shot, Leuer BLOCK (1 BLK)",Jameer Nelson,Jusuf Nurkic,Emmanuel Mudiay,Nikola Jokic,Danilo Gallinari
"=""0021600082""",187,26,42,0,0.0,rebound defensive,Harris REBOUND (Off:0 Def:3),Jameer Nelson,Jusuf Nurkic,Emmanuel Mudiay,Nikola Jokic,Danilo Gallinari
"=""0021600082""",188,26,42,0,0.0,foul,NA,Jameer Nelson,Jusuf Nurkic,Emmanuel Mudiay,Nikola Jokic,Danilo Gallinari
"=""0021600082""",189,26,42,0,0.0,timeout: regular,PISTONS Timeout: Regular (Full 2 Short 0),Jameer Nelson,Jusuf Nurkic,Emmanuel Mudiay,Nikola Jokic,Danilo Gallinari
"=""0021600082""",191,26,42,0,0.0,sub,SUB: Smith FOR Udrih,Jameer Nelson,Jusuf Nurkic,Emmanuel Mudiay,Nikola Jokic,Danilo Gallinari
"=""0021600082""",192,26,42,0,0.0,sub,SUB: Murray FOR Nelson,Jusuf Nurkic,Emmanuel Mudiay,Nikola Jokic,Danilo Gallinari,Jamal Murray
"=""0021600082""",193,26,43,-1,0.0,Free Throw Technical,Harris Free Throw Technical (5 PTS),Jusuf Nurkic,Emmanuel Mudiay,Nikola Jokic,Danilo Gallinari,Jamal Murray
"=""0021600082""",195,26,43,0,0.0,Jump Shot,MISS Harris 18' Jump Shot,Jusuf Nurkic,Emmanuel Mudiay,Nikola Jokic,Danilo Gallinari,Jamal Murray
"=""0021600082""",196,26,43,0,0.0,rebound defensive,Nurkic REBOUND (Off:2 Def:3),Jusuf Nurkic,Emmanuel Mudiay,Nikola Jokic,Danilo Gallinari,Jamal Murray
"=""0021600082""",197,26,43,0,0.0,s.foul,Drummond S.FOUL (P1.T4) (J.Capers),Jusuf Nurkic,Emmanuel Mudiay,Nikola Jokic,Danilo Gallinari,Jamal Murray
"=""0021600082""",198,27,43,1,1.0,Free Throw 1 of 2,Mudiay Free Throw 1 of 2 (1 PTS),Jusuf Nurkic,Emmanuel Mudiay,Nikola Jokic,Danilo Gallinari,Jamal Murray
"=""0021600082""",200,28,43,1,1.0,Free Throw 2 of 2,Mudiay Free Throw 2 of 2 (2 PTS),Jusuf Nurkic,Emmanuel Mudiay,Nikola Jokic,Danilo Gallinari,Jamal Murray
"=""0021600082""",202,28,43,0,0.0,step out of bounds turnover,Harris Step Out of Bounds Turnover (P1.T5),Jusuf Nurkic,Emmanuel Mudiay,Nikola Jokic,Danilo Gallinari,Jamal Murray
"=""0021600082""",203,28,43,0,0.0,Jump Shot,"MISS Mudiay 3' Jump Shot, Drummond BLOCK (3 BLK)",Jusuf Nurkic,Emmanuel Mudiay,Nikola Jokic,Danilo Gallinari,Jamal Murray
"=""0021600082""",204,28,43,0,0.0,team rebound,Nuggets Rebound,Jusuf Nurkic,Emmanuel Mudiay,Nikola Jokic,Danilo Gallinari,Jamal Murray
"=""0021600082""",205,28,43,0,0.0,Jump Shot,MISS Gallinari 20' Jump Shot,Jusuf Nurkic,Emmanuel Mudiay,Nikola Jokic,Danilo Gallinari,Jamal Murray
"=""0021600082""",206,28,43,0,0.0,team rebound,PISTONS Rebound,Jusuf Nurkic,Emmanuel Mudiay,Nikola Jokic,Danilo Gallinari,Jamal Murray
"=""0021600082""",208,28,43,0,0.0,Jump Shot,MISS Leuer 20' Jump Shot,Jusuf Nurkic,Emmanuel Mudiay,Nikola Jokic,Danilo Gallinari,Jamal Murray
"=""0021600082""",209,28,43,0,0.0,rebound defensive,Nurkic REBOUND (Off:2 Def:4),Jusuf Nurkic,Emmanuel Mudiay,Nikola Jokic,Danilo Gallinari,Jamal Murray
"=""0021600082""",210,30,43,2,2.0,Layup,Jokic  Layup (2 PTS) (Nurkic 1 AST),Jusuf Nurkic,Emmanuel Mudiay,Nikola Jokic,Danilo Gallinari,Jamal Murray
"=""0021600082""",212,30,43,0,0.0,Jump Shot,MISS Leuer 27' 3PT Jump Shot,Jusuf Nurkic,Emmanuel Mudiay,Nikola Jokic,Danilo Gallinari,Jamal Murray
"=""0021600082""",213,30,43,0,0.0,rebound defensive,Gallinari REBOUND (Off:1 Def:2),Jusuf Nurkic,Emmanuel Mudiay,Nikola Jokic,Danilo Gallinari,Jamal Murray
"=""0021600082""",214,32,43,2,2.0,Dunk,Nurkic  Dunk (8 PTS) (Gallinari 2 AST),Jusuf Nurkic,Emmanuel Mudiay,Nikola Jokic,Danilo Gallinari,Jamal Murray
"=""0021600082""",215,32,43,0,0.0,timeout: short,PISTONS Timeout: Short (Full 2 Short 1),Jusuf Nurkic,Emmanuel Mudiay,Nikola Jokic,Danilo Gallinari,Jamal Murray
"=""0021600082""",216,32,43,0,0.0,sub,SUB: Caldwell-Pope FOR Johnson,Jusuf Nurkic,Emmanuel Mudiay,Nikola Jokic,Danilo Gallinari,Jamal Murray
"=""0021600082""",266,44,51,0,0.0,start of period,NA,Danilo Gallinari,Nikola Jokic,Jusuf Nurkic,Jamal Murray,Emmanuel Mudiay
"=""0021600082""",267,46,51,2,2.0,Jump Shot,Jokic 16' Jump Shot (6 PTS) (Mudiay 2 AST),Danilo Gallinari,Nikola Jokic,Jusuf Nurkic,Jamal Murray,Emmanuel Mudiay
"=""0021600082""",268,46,51,0,0.0,bad pass,Drummond Bad Pass Turnover (P3.T8),Danilo Gallinari,Nikola Jokic,Jusuf Nurkic,Jamal Murray,Emmanuel Mudiay
"=""0021600082""",269,46,51,0,0.0,lost ball,"Mudiay Lost Ball Turnover (P2.T5), Smith STEAL (1 STL)",Danilo Gallinari,Nikola Jokic,Jusuf Nurkic,Jamal Murray,Emmanuel Mudiay
"=""0021600082""",270,46,51,0,0.0,s.foul,Jokic S.FOUL (P2.T1) (K.Fitzgerald),Danilo Gallinari,Nikola Jokic,Jusuf Nurkic,Jamal Murray,Emmanuel Mudiay
"=""0021600082""",271,46,51,0,0.0,Free Throw 1 of 2,MISS Drummond Free Throw 1 of 2,Danilo Gallinari,Nikola Jokic,Jusuf Nurkic,Jamal Murray,Emmanuel Mudiay
"=""0021600082""",272,46,51,0,0.0,team rebound,PISTONS Rebound,Danilo Gallinari,Nikola Jokic,Jusuf Nurkic,Jamal Murray,Emmanuel Mudiay
"=""0021600082""",273,46,51,0,0.0,Free Throw 2 of 2,MISS Drummond Free Throw 2 of 2,Danilo Gallinari,Nikola Jokic,Jusuf Nurkic,Jamal Murray,Emmanuel Mudiay
"=""0021600082""",275,46,51,0,0.0,rebound offensive,Marc Morris REBOUND (Off:2 Def:1),Danilo Gallinari,Nikola Jokic,Jusuf Nurkic,Jamal Murray,Emmanuel Mudiay
"=""0021600082""",276,46,53,-2,0.0,Layup,Drummond  Layup (9 PTS),Danilo Gallinari,Nikola Jokic,Jusuf Nurkic,Jamal Murray,Emmanuel Mudiay
"=""0021600082""",277,46,53,0,0.0,s.foul,Gallinari S.FOUL (P1.T2) (J.Capers),Danilo Gallinari,Nikola Jokic,Jusuf Nurkic,Jamal Murray,Emmanuel Mudiay
"=""0021600082""",278,46,53,0,0.0,Free Throw 1 of 1,MISS Drummond Free Throw 1 of 1,Danilo Gallinari,Nikola Jokic,Jusuf Nurkic,Jamal Murray,Emmanuel Mudiay
"=""0021600082""",279,46,53,0,0.0,rebound defensive,Jokic REBOUND (Off:2 Def:3),Danilo Gallinari,Nikola Jokic,Jusuf Nurkic,Jamal Murray,Emmanuel Mudiay
"=""0021600082""",280,46,53,0,0.0,Jump Shot,MISS Murray 26' 3PT Jump Shot,Danilo Gallinari,Nikola Jokic,Jusuf Nurkic,Jamal Murray,Emmanuel Mudiay
"=""0021600082""",281,46,53,0,0.0,rebound defensive,Marc Morris REBOUND (Off:2 Def:2),Danilo Gallinari,Nikola Jokic,Jusuf Nurkic,Jamal Murray,Emmanuel Mudiay
"=""0021600082""",282,46,55,-2,0.0,Jump Shot,Marc Morris 16' Jump Shot (6 PTS),Danilo Gallinari,Nikola Jokic,Jusuf Nurkic,Jamal Murray,Emmanuel Mudiay
"=""0021600082""",283,46,55,0,0.0,Jump Shot,MISS Murray 25' 3PT Jump Shot,Danilo Gallinari,Nikola Jokic,Jusuf Nurkic,Jamal Murray,Emmanuel Mudiay
"=""0021600082""",284,46,55,0,0.0,rebound offensive,Nurkic REBOUND (Off:3 Def:4),Danilo Gallinari,Nikola Jokic,Jusuf Nurkic,Jamal Murray,Emmanuel Mudiay
"=""0021600082""",285,46,55,0,0.0,bad pass,"Murray Bad Pass Turnover (P1.T6), Marc Morris STEAL (1 STL)",Danilo Gallinari,Nikola Jokic,Jusuf Nurkic,Jamal Murray,Emmanuel Mudiay
"=""0021600082""",286,46,55,0,0.0,Jump Shot,MISS Marc Morris 27' 3PT Jump Shot,Danilo Gallinari,Nikola Jokic,Jusuf Nurkic,Jamal Murray,Emmanuel Mudiay
"=""0021600082""",287,46,55,0,0.0,rebound defensive,Mudiay REBOUND (Off:0 Def:2),Danilo Gallinari,Nikola Jokic,Jusuf Nurkic,Jamal Murray,Emmanuel Mudiay
"=""0021600082""",288,46,55,0,0.0,bad pass,"Mudiay Bad Pass Turnover (P3.T7), Smith STEAL (2 STL)",Danilo Gallinari,Nikola Jokic,Jusuf Nurkic,Jamal Murray,Emmanuel Mudiay
"=""0021600082""",289,46,55,0,0.0,Jump Shot,MISS Smith 22' Jump Shot,Danilo Gallinari,Nikola Jokic,Jusuf Nurkic,Jamal Murray,Emmanuel Mudiay
"=""0021600082""",290,46,55,0,0.0,team rebound,Nuggets Rebound,Danilo Gallinari,Nikola Jokic,Jusuf Nurkic,Jamal Murray,Emmanuel Mudiay
"=""0021600082""",291,46,55,0,0.0,p.foul,Marc Morris P.FOUL (P3.T1) (J.Capers),Danilo Gallinari,Nikola Jokic,Jusuf Nurkic,Jamal Murray,Emmanuel Mudiay
"=""0021600082""",292,46,55,0,0.0,Jump Shot,MISS Gallinari 26' 3PT Jump Shot,Danilo Gallinari,Nikola Jokic,Jusuf Nurkic,Jamal Murray,Emmanuel Mudiay
"=""0021600082""",293,46,55,0,0.0,rebound defensive,Drummond REBOUND (Off:1 Def:12),Danilo Gallinari,Nikola Jokic,Jusuf Nurkic,Jamal Murray,Emmanuel Mudiay
"=""0021600082""",295,46,55,0,0.0,bad pass,"Nurkic STEAL (1 STL), Harris Bad Pass Turnover (P3.T9)",Danilo Gallinari,Nikola Jokic,Jusuf Nurkic,Jamal Murray,Emmanuel Mudiay
"=""0021600082""",296,46,55,0,0.0,lost ball,"Murray Lost Ball Turnover (P2.T8), Caldwell-Pope STEAL (1 STL)",Danilo Gallinari,Nikola Jokic,Jusuf Nurkic,Jamal Murray,Emmanuel Mudiay
"=""0021600082""",297,46,57,-2,0.0,Dunk,Drummond  Dunk (11 PTS) (Smith 3 AST),Danilo Gallinari,Nikola Jokic,Jusuf Nurkic,Jamal Murray,Emmanuel Mudiay
"=""0021600082""",298,46,57,0,0.0,timeout: regular,Nuggets Timeout: Regular (Reg.3 Short 1),Danilo Gallinari,Nikola Jokic,Jusuf Nurkic,Jamal Murray,Emmanuel Mudiay
